OldContractNumber,OldFileName,ContractTemplate,signDate,כתובת ספק,CostContractScope,SiteName,status,StartDate,ExpectedEndDate,CostCompMethod,PartyAContactNamePercent,אישור חוזה,contractVersion,ח.פ חברה,docCreator,כתובת חברה,מדד בגין/ידוע,CostIndexMode,CostBaseIndexDate,מספר ספק,DurationMonths,CostIndexPoints,סוג מדד,CostIndexType,סוג ספק,פירוט עלויות,פרק,recipient,otherSides,קישור לנספח,Municipality,customField1,customField2,customField3,customField4,customField5,customField6,customField7,customField8,שיוך לעיר,project,CostCurrency,supplierName,partyAName,WorkDescription,CostPaymentTerms,ItemType,Path,OldFolderName
CONT-10-2056,cbhhi 31 - חוזה מתכנן אינסטלציה.docx,מתכנן אינסטלציה,,,149550,סביוני נצר סירני,טיוטה,2020-11-02 00:00:00,2025-01-20 22:00:00,למדידה,50%,,,,meryle,,1,בגין,2020-11-01 00:00:00,,48,223.3374,5.00000000000000,מדד המחירים לצרכן,,,,"
אפריקה ישראל מגורים בע""מ וישראל אדלר ובנו חברה להשקעות בע""מ
יוני נתניהו 1 ג' אור יהודה
558075404
","
א.ח. תכנון וייעוץ בהנדסת מים וביוב בע""מ
רח' מגשימים 6, פתח תקווה 

",,נס ציונה,4722,407-0508069,מרול אטמן,ולי אנטוני,,ולי אנטוני,82,,,סביוני נצר סירני - בניין 31,"ש""ח","א.ח. תכנון וייעוץ בהנדסת מים וביוב בע""מ",,"תכנון אינסטלציה, ספרינקלרים וכיבוי אש",60 יום,Item,sites/Contracts/ProjectContractLibrary/נצר סירני,נצר סירני
CONT-10-2166,אדריכל השימור.docx,אדריכל מגורים ומסחר,,,,,טיוטה,,,,,,,,germank,,,,,,,,,,,,,,"צדדים נוספים
",,,,,,,,,,,,,,,,,,Item,sites/Contracts/ProjectContractLibrary/אולפני הרצליה,אולפני הרצליה
CONT-10-2335,אדריכלות נוף.docx,מתכנן אדריכלות נוף,,,,,טיוטה,2021-05-01 00:00:00,,מחיר קבוע/פאושלי,,,0.2,,germank,,2,ידוע,2021-04-30 00:00:00,,,225.5724,5.00000000000000,מדד המחירים לצרכן,,,,"
אולפני הרצליה -ע . משותפת אפריקה ישראל מגורים, תדהר וע. לוזון

558426227
","
עופר מרגלית אדריכל נוף
ח.פ. 057267312
מושב כרם  מהר''ל

",,הרצליה,6424,הר/2180,גרמן קגנובסקי ,עפר מרגלית ,,עפר מרגלית,148,,,אולפני הרצליה,"ש""ח",עופר מרגלית אדריכל נוף,,"הקמת פרויקט מגורים, שימור ומסחר",45 יום,Item,sites/Contracts/ProjectContractLibrary/אולפני הרצליה,אולפני הרצליה
CONT-10-2387,אולפני הרצליה חוזה יועץ בטיחות   אלי כחלון.docx,יועץ בטיחות ,,,,אולפנים ,טיוטה,,,,,,,,germank,,,,,,,,,,,,,"
אולפני הרצליה -ע . משותפת אפריקה ישראל מגורים, תדהר וע. לוזון

558426227
","
כחלון אלי הנדסת בטיחות בע""מ
סוקולוב 13 קומה א' הרצליה
",,הרצליה,6424,הר/2180,גרמן קגנובסקי ,,,אלי כחלון,148,,,אולפני הרצליה ,,"כחלון אלי הנדסת בטיחות בע""מ",,"הקמת פרויקט מגורים, שימור ומסחר",,Item,sites/Contracts/ProjectContractLibrary/אולפני הרצליה,אולפני הרצליה
CONT-10-2495,בדיקה רונן.docx,,2026-02-02 12:12:33,,,אפריקה ישראל,טיוטה,,,,,,,,,,,,2026-02-02 12:12:33,,,,,,,,,,,,,,,,,,,,,,,,,,,,Item,sites/Contracts/ProjectContractLibrary/אופיס - אזור,אופיס - אזור
CONT-10-2052,בניין 31 - חוזה אדריכל נוף.docx,מתכנן אדריכלות נוף,2021-07-08 00:00:00,,130000,סביוני נצר סירני,טיוטה,2020-11-02 00:00:00,2025-02-27 22:00:00,מחיר קבוע/פאושלי,50%,,0.5,,meryle,,1,בגין,2020-11-01 00:00:00,,48,225.5724,5.00000000000000,מדד המחירים לצרכן,,,,"
אפריקה ישראל מגורים בע""מ וישראל אדלר ובנו חברה להשקעות בע""מ
יוני נתניהו 1 ג' אור יהודה
558075404
","
צ'סלר סולומון בע""מ
רח' הסייפן 34, עין ורד
514800762
",,נס ציונה,4722,407-0508069,מרול אטמן,שירי סולומון,,שירי סולומון,82,,,סביוני נצר סירני - בניין 31,"ש""ח","צ'סלר סולומון בע""מ","                                           אפריקה ישראל מגורים בע""מ  וישראל אדלר חברה להשקעות בע""מ",תכנון אדריכלות נוף,60 יום,Item,sites/Contracts/ProjectContractLibrary/נצר סירני,נצר סירני
CONT-10-2005,בניין 31 - חוזה אדריכל.docx,אדריכל מגורים,2021-07-11 00:00:00,,856350,סביוני נצר סירני,טיוטה,2020-12-02 00:00:00,2024-11-09 22:00:00,למדידה,50%,,0.16,,meryle,,1,בגין,2020-12-01 00:00:00,,48,223.1145,5.00000000000000,מדד המחירים לצרכן בגין,,,,"אפריקה ישראל מגורים בע""מ 
וישראל אדלר ובנו חברה להשקעות בע""מ
יוני נתניהו 1 ג' אור יהודה
558075404
","
רמי וימר אדריכלים בע""מ
רח' ראול ולנברג 22א', תל אביב
512422577
",,נס ציונה,4722,407-0508069,מרול אטמן,דניאל אבולעפיה,,רמי וימר,8,,,סביוני נצר סירני - בניין 31,"ש""ח","רמי וימר אדריכלים בע""מ",,תכנון אדריכלי - בניין 31,60 יום,Item,sites/Contracts/ProjectContractLibrary/נצר סירני,נצר סירני
CONT-10-2062,בניין 31 - חוזה חברת ניהול ופיקוח.docx,ניהול תיאום ופיקוח,2022-01-20 00:00:00,,905000,סביוני נצר סירני,טיוטה,2021-05-05 00:00:00,2025-04-12 21:00:00,מחיר קבוע/פאושלי,50%,,0.6,,meryle,,2,ידוע,2021-05-04 00:00:00,,48,225.5724,5.00000000000000,מדד המחירים לצרכן,,,,"
אפריקה ישראל מגורים בע""מ וישראל אדלר ובנו חברה להשקעות בע""מ
יוני נתניהו 1 ג' אור יהודה
558075404
","
פי.סי.אר ניהול פרויקטים בבניה בע""מ
רח' איה 3, עכו 2423727

",,נס ציונה,4722,407-0508069,מרול אטמן,עבדאללה קבאני,,עבדאללה קבאני,82,,,סביוני נצר סירני - בניין 31,"ש""ח","פי.סי.אר ניהול פרויקטים בבניה בע""מ",,ניהול תאום תכנון ופיקוח,60 יום,Item,sites/Contracts/ProjectContractLibrary/נצר סירני,נצר סירני
CONT-10-2154,בניין 31 - חוזה יועץ איטום.docx,יועץ איטום,2021-12-28 00:00:00,,23000,סביוני נצר סירני,טיוטה,2021-02-02 00:00:00,2025-07-18 21:00:00,מחיר קבוע/פאושלי,50%,,0.6,,meryle,,1,בגין,2021-02-01 00:00:00,,48,223.5603,5.00000000000000,מדד המחירים לצרכן,,,,"
אפריקה ישראל מגורים בע""מ וישראל אדלר ובנו חברה להשקעות בע""מ
יוני נתניהו 1 ג' אור יהודה
558075404
","
אורנה רומנו כהן

",,נס ציונה,4722,407-0508069,מרול אטמן,אורנה רומנו-כהן,,אורנה רומנו-כהן,82,,,סביוני נצר סירני - בניין 31,"ש""ח",אורנה רומנו כהן,,ייעוץ איטום,60 יום,Item,sites/Contracts/ProjectContractLibrary/נצר סירני,נצר סירני
CONT-10-2065,בניין 31 - חוזה יועץ אקוסטיקה.docx,יועץ אקוסטיקה,2021-12-30 00:00:00,,27500,סביוני נצר סירני,טיוטה,2020-12-02 00:00:00,2025-02-27 22:00:00,מחיר קבוע/פאושלי,50%,,0.3,,meryle,,1,בגין,2020-12-01 00:00:00,,48,223.1145,5.00000000000000,מדד המחירים לצרכן,,,,"
אפריקה ישראל מגורים בע""מ וישראל אדלר ובנו חברה להשקעות בע""מ
יוני נתניהו 1 ג' אור יהודה
558075404
","
מ.ג. יועצים לאקוסטיקה בע""מ
רח' השופטים 1, ת.ד. 5212, הרצליה 4644708

",,נס ציונה,4722,407-0508069,מרול אטמן,יוסי פרלה,,יוסי פרלה,82,,,סביוני נצר סירני - בניין 31,"ש""ח","מ.ג. יועצים לאקוסטיקה בע""מ",,ייעוץ אקוסטיקה,60 יום,Item,sites/Contracts/ProjectContractLibrary/נצר סירני,נצר סירני
CONT-10-2051,בניין 31 - חוזה יועץ בטיחות.docx,יועץ בטיחות ,,,28000,סביוני נצר סירני,טיוטה,2020-11-02 00:00:00,2025-01-20 22:00:00,מחיר קבוע/פאושלי,50%,,,,meryle,,1,בגין,2020-11-01 00:00:00,,48,223.3374,5.00000000000000,מדד המחירים לצרכן,,,,"
אפריקה ישראל מגורים בע""מ וישראל אדלר ובנו חברה להשקעות בע""מ
יוני נתניהו 1 ג' אור יהודה
558075404
","
אלי כחלון הנדסת בטיחות אש בע""מ
הנדיב 71, הרצליה 4648583

",,נס ציונה,4722,407-0508069,מרול אטמן,אלי כחלון,,אלי כחלון,82,,,סביוני נצר סירני - בניין 31,"ש""ח","אלי כחלון הנדסת בטיחות אש בע""מ",,ייעוץ בטיחות והגנה נגד אש,60 יום,Item,sites/Contracts/ProjectContractLibrary/נצר סירני,נצר סירני
CONT-10-2053,בניין 31 - חוזה יועץ ביסוס קרקע.docx,יועץ ביסוס קרקע,2021-07-08 00:00:00,,14000,סביוני נצר סירני,טיוטה,2021-01-02 00:00:00,2025-03-20 20:00:00,מחיר קבוע/פאושלי,50%,,0.4,,meryle,,1,בגין,2021-01-01 00:00:00,,48,222.8896,5.00000000000000,מדד המחירים לצרכן,,,,"
אפריקה ישראל מגורים בע""מ וישראל אדלר ובנו חברה להשקעות בע""מ
יוני נתניהו 1 ג' אור יהודה
558075404
","
עמוס בלנק - עדי לרר מהנדסים בע""מ
הערד 7 תל אביב
",,נס ציונה,4722,407-0508069,מרול אטמן,עדי לרר,,עדי לרר,82,,,סביוני נצר סירני - בניין 31,"ש""ח","עמוס בלנק - עדי לרר מהנדסים בע""מ",,יעוץ קרקע וביסוס,60 יום,Item,sites/Contracts/ProjectContractLibrary/נצר סירני,נצר סירני
CONT-10-2153,בניין 31 - חוזה יועץ בניה ירוקה ותרמי.docx,יועץ בניה ירוקה,2022-02-16 00:00:00,,27500,סביוני נצר סירני,טיוטה,2021-07-02 00:00:00,2025-06-20 21:00:00,מחיר קבוע/פאושלי,50%,,0.6,,meryle,,1,בגין,2021-07-01 00:00:00,,48,227.5844,5.00000000000000,מדד המחירים לצרכן,,,,"
אפריקה ישראל מגורים בע""מ וישראל אדלר ובנו חברה להשקעות בע""מ
יוני נתניהו 1 ג' אור יהודה
558075404
","
סלע בניה ירוקה ומתקדמת
השיר 12א' כרכור
033233446
",,נס ציונה,4722,407-0508069,מרול אטמן,יפעת סלע,,יפעת סלע,82,,,סביוני נצר סירני - בניין 31,"ש""ח",סלע בניה ירוקה ומתקדמת,,יעוץ בנייה ירוקה ובידוד תרמי,60 יום,Item,sites/Contracts/ProjectContractLibrary/נצר סירני,נצר סירני
CONT-10-2066,בניין 31 - חוזה יועץ נגישות.docx,יועץ נגישות,2021-08-15 00:00:00,,13850,סביוני נצר סירני,טיוטה,2020-10-02 00:00:00,2025-01-20 22:00:00,מחיר קבוע/פאושלי,50%,,0.3,,meryle,,1,בגין,2020-10-01 00:00:00,,48,223.7832,5.00000000000000,מדד המחירים לצרכן,,,,"
אפריקה ישראל מגורים בע""מ וישראל אדלר ובנו חברה להשקעות בע""מ
יוני נתניהו 1 ג' אור יהודה
558075404
","
ליבנד יצחק אדריכל
ת.ד. 18243 תל אביב 6118201

",,נס ציונה,4722,407-0508069,מרול אטמן,מיכי איגר,,מיכי איגר,82,,,סביוני נצר סירני - בניין 31,"ש""ח",ליבנד יצחק אדריכל,,ייעוץ נגישות,60 יום,Item,sites/Contracts/ProjectContractLibrary/נצר סירני,נצר סירני
CONT-10-2075,בניין 31 - חוזה יועץ סופרפוזיציה.docx,יועץ סופרפוזיציה,2021-12-27 00:00:00,,70000,סביוני נצר סירני,טיוטה,2021-01-02 00:00:00,2025-04-17 21:00:00,מחיר קבוע/פאושלי,50%,,0.6,,meryle,,1,בגין,2021-01-01 00:00:00,,48,222.8896,5.00000000000000,מדד המחירים לצרכן,,,,"
אפריקה ישראל מגורים בע""מ וישראל אדלר ובנו חברה להשקעות בע""מ
יוני נתניהו 1 ג' אור יהודה
558075404
","
מימוני הנדסה ויעוץ בע""מ
תפוצות ישראל 3, גבעתיים 6358320

",,נס ציונה,4722,407-0508069,מרול אטמן,אביעד קלדרון,,עמית מימוני,82,,,סביוני נצר סירני - בניין 31,"ש""ח","מימוני הנדסה ויעוץ בע""מ",,תאום מערכות,60 יום,Item,sites/Contracts/ProjectContractLibrary/נצר סירני,נצר סירני
CONT-10-2068,בניין 31 - חוזה מנהל מודל.docx,מנהל מודל,2021-12-27 00:00:00,,70000,סביוני נצר סירני,טיוטה,2021-01-02 00:00:00,2025-04-17 21:00:00,מחיר קבוע/פאושלי,50%,,0.11,,meryle,,1,בגין,2021-01-01 00:00:00,,48,222.8896,5.00000000000000,מדד המחירים לצרכן,,,,"
אפריקה ישראל מגורים בע""מ וישראל אדלר ובנו חברה להשקעות בע""מ
יוני נתניהו 1 ג' אור יהודה
558075404
","
מימוני הנדסה ויעוץ בע""מ
רח' תפוצות ישראל 3 גבעתיים 6358320

",,נס ציונה,4722,407-0508069,מרול אטמן,אביעד קלדרון,,עמית מימוני,82,,,סביוני נצר סירני - בניין 31,"ש""ח","מימוני הנדסה ויעוץ בע""מ",,ניהול מודל בים,60 יום,Item,sites/Contracts/ProjectContractLibrary/נצר סירני,נצר סירני
CONT-10-2182,בניין 31 - חוזה מעצב פנים.docx,מעצב פנים,2022-06-07 00:00:00,,68000,סביוני נצר סירני,טיוטה,2022-03-02 00:00:00,2026-03-12 20:00:00,מחיר קבוע/פאושלי,50%,,0.9,,meryle,,1,בגין,2022-03-01 00:00:00,,48,232.7263,5.00000000000000,מדד המחירים לצרכן,,,,,"
עינת בר-און לטי
ניסים אלוני 7, תל אביב

",,נס ציונה,4722,407-0508069,מרול אטמן,עינת בר-און לטי,,עינת בר-און לטי,82,,,סביוני נצר סירני - בניין 31,"ש""ח",עינת בר-און לטי,"אפריקה ישראל מגורים בע""מ וישראל אדלר ובנו חברה להשקעות בע""מ",עיצוב פנים בשטחים המשותפים,60 יום,Item,sites/Contracts/ProjectContractLibrary/נצר סירני,נצר סירני
CONT-10-2057,בניין 31 - חוזה מתכנן אינסטלציה.docx,מתכנן אינסטלציה,2022-02-14 00:00:00,,149550,סביוני נצר סירני,טיוטה,2020-11-02 00:00:00,2025-01-20 22:00:00,למדידה,50%,,0.12,,meryle,,1,בגין,2020-11-01 00:00:00,,48,223.3374,5.00000000000000,מדד המחירים לצרכן,,,,"
אפריקה ישראל מגורים בע""מ וישראל אדלר ובנו חברה להשקעות בע""מ
יוני נתניהו 1 ג' אור יהודה
558075404
","
א.ח. תכנון וייעוץ בהנדסת מים וביוב בע""מ
רח' מגשימים 6, פתח תקווה 

",,נס ציונה,4722,407-0508069,מרול אטמן,ולי אנטוני,,ולי אנטוני,82,,,סביוני נצר סירני - בניין 31,"ש""ח","א.ח. תכנון וייעוץ בהנדסת מים וביוב בע""מ",,"תכנון אינסטלציה, ספרינקלרים וכיבוי אש",60 יום,Item,sites/Contracts/ProjectContractLibrary/נצר סירני,נצר סירני
CONT-10-2110,בניין 31 - חוזה מתכנן אלומיניום.docx,מתכנן אלומיניום,,,58000,סביוני נצר סירני,טיוטה,2021-01-02 00:00:00,2025-05-18 21:00:00,מחיר קבוע/פאושלי,50%,,0.4,,meryle,,1,בגין,2021-01-01 00:00:00,,48,222.8896,5.00000000000000,מדד המחירים לצרכן,,,,"
אפריקה ישראל מגורים בע""מ וישראל אדלר ובנו חברה להשקעות בע""מ
יוני נתניהו 1 ג' אור יהודה
558075404
","
א.מ.ג תכנון יעוץ וניהול בע""מ
משה גושן 64 קרית מוצקין
",,נס ציונה,4722,407-0508069,מרול אטמן,יצחק מוגרבי,,יצחק מוגרבי ו/או לאוניד ברזון,82,,,סביוני נצר סירני - בניין 31,"ש""ח","א.מ.ג תכנון יעוץ וניהול בע""מ",,תכנון אלומיניום,שוטף + 45,Item,sites/Contracts/ProjectContractLibrary/נצר סירני,נצר סירני
CONT-10-2063,בניין 31 - חוזה מתכנן חשמל ותקשורת.docx,מתכנן חשמל ותקשורת,,,90860,סביוני נצר סירני,טיוטה,2020-12-02 00:00:00,2025-03-02 22:00:00,למדידה,50%,,,,meryle,,1,בגין,2020-12-01 00:00:00,,48,223.1145,5.00000000000000,מדד המחירים לצרכן,,,,"
אפריקה ישראל מגורים בע""מ וישראל אדלר ובנו חברה להשקעות בע""מ
יוני נתניהו 1 ג' אור יהודה
558075404
","
רמאור בע""מ
רח' התע""ש 20, ת.ד. 29, כפר סבא 4442520

",,נס ציונה,4722,407-0508069,מרול אטמן,מאיה מייבלט,,מאיה מייבלט,82,,,סביוני נצר סירני - בניין 31,"ש""ח","רמאור בע""מ",,תכנון חשמל ותקשורת,60 יום,Item,sites/Contracts/ProjectContractLibrary/נצר סירני,נצר סירני
CONT-10-2067,בניין 31 - חוזה מתכנן מיגון ומקלוט.docx,חוזה מיגון ומיקלוט,2021-06-21 00:00:00,,9000,סביוני נצר סירני,טיוטה,2020-11-02 00:00:00,2025-01-20 22:00:00,מחיר קבוע/פאושלי,50%,,0.5,,meryle,,1,בגין,2020-11-01 00:00:00,,48,223.3374,5.00000000000000,מדד המחירים לצרכן,,,,"
אפריקה ישראל מגורים בע""מ וישראל אדלר ובנו חברה להשקעות בע""מ
יוני נתניהו 1 ג' אור יהודה
558075404
","
מרחב מוגן רמי לוי בע""מ
ת.ד. 230, מושב אודים 4290500
514475201
",,נס ציונה,4722,407-0508069,מרול אטמן,רמי לוי,,רמי לוי,82,,,סביוני נצר סירני - בניין 31,"ש""ח","מרחב מוגן רמי לוי בע""מ",,ייעוץ מיגון,60 יום,Item,sites/Contracts/ProjectContractLibrary/נצר סירני,נצר סירני
CONT-10-2058,בניין 31 - חוזה מתכנן מיזוג אוויר.docx,מיזוג אויר,2021-12-16 00:00:00,,88000,סביוני נצר סירני,טיוטה,2020-11-02 00:00:00,2025-01-20 22:00:00,מחיר קבוע/פאושלי,50%,,0.4,,meryle,,1,בגין,2020-11-01 00:00:00,,48,223.3374,5.00000000000000,מדד המחירים לצרכן,,,,"
אפריקה ישראל מגורים בע""מ וישראל אדלר ובנו חברה להשקעות בע""מ
יוני נתניהו 1 ג' אור יהודה
558075404
","
אסא אהרוני מהנדסים יועצים בע""מ
רח' האתגר 5, טירת הכרמל

",,נס ציונה,4722,407-0508069,מרול אטמן,רפי אהרוני,,רפי אהרוני,82,,,סביוני נצר סירני - בניין 31,"ש""ח","אסא אהרוני מהנדסים יועצים בע""מ",,"תכנון מיזוג אוויר, אוורור ושחרור עשן",60 יום,Item,sites/Contracts/ProjectContractLibrary/נצר סירני,נצר סירני
CONT-10-2064,בניין 31 - חוזה מתכנן מעליות.docx,מתכנן מעליות,2021-08-25 00:00:00,,17600,,טיוטה,2020-11-02 00:00:00,2025-01-20 22:00:00,למדידה,50%,,0.4,,meryle,,1,בגין,2020-11-01 00:00:00,,48,223.3374,5.00000000000000,מדד המחירים לצרכן,,,,"
אפריקה ישראל מגורים בע""מ וישראל אדלר ובנו חברה להשקעות בע""מ
יוני נתניהו 1 ג' אור יהודה
558075404
","
לוסטיג ויתקין יועצים בע""מ
רח' באר טוביה 5, תל אביב  6458305

",,נס ציונה,4722,407-0508069,מרול אטמן,מולי ויתקין,,מולי ויתקין,82,,,סביוני נצר סירני - בניין 31,,"לוסטיג ויתקין יועצים בע""מ",,תכנון מעליות,60 יום,Item,sites/Contracts/ProjectContractLibrary/נצר סירני,נצר סירני
CONT-10-2011,בניין 31 - חוזה מתכנן קונסטרוקציה.docx,מתכנן קונסטרוקציה,,,296250,סביוני נצר סירני,טיוטה,2020-12-02 00:00:00,2025-01-20 22:00:00,למדידה,50%,,0.2,,meryle,,1,בגין,2020-12-01 00:00:00,,48,223.1145,5.00000000000000,מדד המחירים לצרכן,,,,"
אפריקה ישראל מגורים בע""מ וישראל אדלר ובנו חברה להשקעות בע""מ
יוני נתניהו 1 ג' אור יהודה
558075404
","
טומי עברון - הנדסת בניין בע""מ
רח' המעיין 5 הרצליה 4635637

",,נס ציונה,4722,407-0508069,מרול אטמן,משה סיטון,,משה סיטון,82,,,סביוני נצר סירני - בניין 31,"ש""ח","טומי עברון - הנדסת בניין בע""מ","                           אפריקה ישראל מגורים בע""ישראל אדלר ובנו חברה להשקעות בע""מ",תכנון קונסטרוקציה - בניין 31,60 יום,Item,sites/Contracts/ProjectContractLibrary/נצר סירני,נצר סירני
CONT-10-2054,בניין 31 - חוזה מתכנן תנועה.docx,מתכנן תנועה,2021-12-28 00:00:00,,80000,סביוני נצר סירני,טיוטה,2020-11-02 00:00:00,2025-01-20 22:00:00,מחיר קבוע/פאושלי,50%,,0.12,,meryle,,1,בגין,2020-11-01 00:00:00,,48,223.3374,5.00000000000000,מדד המחירים לצרכן,,,,"
אפריקה ישראל מגורים בע""מ וישראל אדלר ובנו חברה להשקעות בע""מ
יוני נתניהו 1 ג' אור יהודה
558075404
","
אמאב תחבורה ותנועה בע""מ
רח' הרקון 6, רמת גן

",,נס ציונה,4722,407-0508069,מרול אטמן,אלכסנדרה גוסובסקי,,אלכסנדרה גוסובסקי,82,,,סביוני נצר סירני - בניין 31,"ש""ח","אמאב תחבורה ותנועה בע""מ",,תכנון תנועה וחניה,60 יום,Item,sites/Contracts/ProjectContractLibrary/נצר סירני,נצר סירני
CONT-10-1814,הוראות למוזמנים להגיש הצעת מחיר.docx,קבלן חפירה ודיפון,,,,,טיוטה,,,,,,0.3,,Rinath,,,,,,,,9.00000000000000,מדד תשומות הבניה,,,,"אפריקה ישראל מגורים בע""מ
יוני נתניהו 1 ג' אור יהודה
מ.ז 52-003476-0
	
החברה לנאמנות סומייל בע""מ
רח' יצמן 2 ת""א

•	הורוביץ ימימה
•	הורוביץ תמר
•	שמעון הראל 
מ__________________ {לא יודע}",,, תל אביב-יפו,"6217, 6214, 6213, 6216",תא/מק/2988/א,שי מרגולין,,,מיכה קליין,,,,סמל דרום,"ש""ח",,, חפירה ודיפון.,,Item,sites/Contracts/ProjectContractLibrary/סומייל,סומייל
CONT-10-1846,הסכם מתכנן- אינסטלציה וספרינקלרים - 2 4 19.docx,מתכנן אינסטלציה,2019-03-12 00:00:00,,,אנדריוס ,טיוטה,2013-10-15 00:00:00,2020-05-10 21:00:00,,100%,,0.1,,avic,,1,,,,80,,5.00000000000000,מדד המחירים לצרכן,,,,"אפריקה ישראל מגורים בע""מ
יוני נתניהו 1 ג' אור יהודה
מ.ז 52-003476-0","
ש. גלבוע מהנדסים יועצים
בן גוריון 22 הרצליה
",,נתניה,"8271  ח""ח 13000132  133",נת/41/5521,"אבי כהן מאפריקה ישראל מגורים בע""מ",   אלכס קור,6,ארז גלבוע ,,,,שם הפרויקט - סביוני סיטי,"ש""ח",ש. גלבוע מהנדסים יועצים,"אפריקה ישראל מגורים בע""מ",תכנון ויעוץ אינסטלציה וספרנקלריים בפרויקט ,,Item,sites/Contracts/ProjectContractLibrary/אנדריוס,אנדריוס
CONT-10-2353,הרצליה חוזה מתכנן אינסטלציה זיו גלמור 06.02.2024.docx,מתכנן אינסטלציה,,,548340,אולפנים,טיוטה,2021-05-16 00:00:00,,מחיר קבוע/פאושלי,,,0.2,,germank,,2,ידוע,2021-05-15 00:00:00,,,225.5724,5.00000000000000,מדד המחירים לצרכן,,,,"
אולפני הרצליה-ע.משותפת אפריקה מגורים, תדהר וע.לוזון
יהונתן נתניהו 1'ג
558426227
","
ת.מ.א.-הנדסה ויעוץ בע""מ
אהליאב 6            רמת גן 
ח.פ. 511037830
",,הרצליה,6424,הר/2180,גרמן קגנובסקי ,זיו גלמור,,זיו גלמור,148,,,אולפני הרצליה,"ש""ח","ת.מ.א.-הנדסה ויעוץ בע""מ",,הקמה פרויקט מגורים 311 יח''ד על גבי חניון תת קרקעי,45 יום,Item,sites/Contracts/ProjectContractLibrary/אולפני הרצליה,אולפני הרצליה
CONT-10-2352,הרצליה חוזה מתכנן חשמל ותקשורת 06.02.2024.docx,מתכנן חשמל ותקשורת,,,234000,הקמת 150 יח''ד ומסחר ,טיוטה,2020-01-01 00:00:00,,מחיר קבוע/פאושלי,,,0.7,,germank,,1,בגין,2019-12-31 00:00:00,,,223.7832,5.00000000000000,מדד המחירים לצרכן,,,,"
אפריקה ישראל מגורים בע""מ
יוני נתניהו 1 ג' אור יהודה
מ.ז 52-003476-0
","
ר.כהן ושות' מהנדסים יועצים לחשמל ואוטומציה (3000) בע""מ
מנחם בגין 42, רמת גן
511304552",,רעננה,6578,רנ/708,גרמן קגנובסקי,שלום גולדברגר,,רפי כהן או דורית לכטנשטרן,151,,,סביוני  רעננה  צפון,"ש""ח","ר.כהן ושות' בע""מ",,הקמה 150 יח''ד ומסחר על גבי חניון משותף,60 יום,Item,sites/Contracts/ProjectContractLibrary/אולפני הרצליה,אולפני הרצליה
CONT-10-2354,הרצליה חוזה מתכנן מיזוג אוויר זיו גלמור 06.02.2024.docx,מיזוג אויר,,,396605,,טיוטה,2021-05-16 00:00:00,,מחיר קבוע/פאושלי,,,0.2,,germank,,2,ידוע,2021-05-15 00:00:00,,,225.5724,5.00000000000000,מדד המחירים לצרכן,,,,"
אולפני הרצליה -ע . משותפת אפריקה ישראל מגורים, תדהר וע. לוזון

558426227
","
ת.מ.א הנדסה ויעוץ בע""מ
אליהב 6 רמת גן
",,הרצליה,6424,הר/2180,גרמן קגנובסקי,,,זיו גלמור,148,,,אולפני הרצליה,"ש""ח","ת.מ.א הנדסה ויעוץ בע""מ",,הקמה פרויקט מגורים 311 יח''ד על גבי חניון תת קרקעי,45 יום,Item,sites/Contracts/ProjectContractLibrary/אולפני הרצליה,אולפני הרצליה
CONT-10-1859,חוזה אגרונום.docx,חוזה אגרונום,,,,,טיוטה,,,,,,0.2,,Rinath,,,,,,,,9.00000000000000,מדד תשומות הבניה,,,,"
אפריקה ישראל מגורים בע""מ
יוני נתניהו 1 ג' אור יהודה
מ.ז 52-003476-0




",,,תל אביב-יפו,,,,,,,,,,סמל דרום,"ש""ח",,,אגרונום,,Item,sites/Contracts/ProjectContractLibrary/סומייל,סומייל
CONT-10-1867,חוזה אגרונום.docx,חוזה אגרונום,,,,,טיוטה,,,,,,0.2,,Rinath,,,,,,,,,,,,,"

אפריקה ישראל מגורים בע""מ
יוני נתניהו 1 ג' אור יהודה
מ.ז 52-003476-0

אפרירם בע""מ
51-256212-5

מגדלי סומייל בע""מ
51-273707-3
",,,תל אביב-יפו,,,,,,,,,,סמל צפון מגרש 123,,,,,,Item,sites/Contracts/ProjectContractLibrary/סמל צפון מגרש 123,סמל צפון מגרש 123
CONT-10-2325,חוזה אגרונום.docx,חוזה אגרונום,,,,,טיוטה,,,,50%,,,,kooksec,,,,,,,,,,,,,"
ביתא רוטשילד בע""מ
יוני נתניהו 1 ג' אור יהודה ת.ד 715
515851194
","
יורם ושגל חיבת ציון
דואר נא חפר
052377025
",,חיפה,,,,,,,,,,,,יורם ושגל חיבת ציון,,,,Item,sites/Contracts/ProjectContractLibrary/רוטשילד חיפה,רוטשילד חיפה
CONT-10-2467,חוזה אגרונום.docx,,2025-11-09 13:11:24,,,אפריקה ישראל,טיוטה,,,,,,,,,,,,2025-11-09 13:11:24,,,,,,,,,,,,,,,,,,,,,,,,,,,,Item,sites/Contracts/ProjectContractLibrary/דרך השלום - תא,דרך השלום - תא
CONT-10-2307,חוזה אדריכל - ראשי.docx,אדריכל ראשי,,,,,טיוטה,,,,100,,,,kooksec,,,,,,,,,,,,,"
אפריקה התחדשות עירונית בע""מ
יוני נתניהו 1 ג' אור יהודה
514639525
","
גורדון אדריכליים ומתכנני ערים בע""מ
קרן יסוד 15 טירת כרמל
515177459
",,חיפה,,,,,,,,,,"אפריקה התחדשות עירונית בע""מ",,"גורדון אדריכליים ומתכנני ערים בע""מ",,,,Item,sites/Contracts/ProjectContractLibrary/רוטשילד חיפה,רוטשילד חיפה
CONT-10-2343,חוזה אדריכל בית הכנסת.docx,אדריכל ראשי,2024-03-06 00:00:00,,175000,,טיוטה,2023-10-17 00:00:00,2027-09-24 21:00:00,מחיר קבוע/פאושלי,50%,,0.8,,meryle,,2,ידוע,2023-10-16 00:00:00,,48,,7.00000000000000,מדד נומינלי,,,,"אפריקה התחדשות עירונית בע""מ
רח' יוני נתניהו 1, אור יהודה
514639525

מצלאוי חברה לבנין בע""מ
דרך רפאל איתן 1, קרית אונו
512726712","
סטיו אדריכלים
תובל 15, רמת גן
557347135
",,הרצליה,6538,504-0138628,מרול אטמן,איתי שמוטר,2,איתי שמוטר,"420, מגרש 201",,,הכוזרי,"ש""ח",סטיו אדריכלים,,תכנון שיפוץ והרחבת בית הכנסת,60 יום,Item,sites/Contracts/ProjectContractLibrary/הכוזרי - הרצליה,הכוזרי - הרצליה
CONT-10-1997,חוזה אדריכל ג גור למגרשים סופי.docx,אדריכל ראשי,2021-01-05 00:00:00,,,( טרם ניתן שם לפרויקט ) בעיר נשר,טיוטה,2019-07-10 00:00:00,2039-06-04 21:00:00,מחיר קבוע/פאושלי,"כלל נכסי נדלן נשר מרכז ( נ.נ.נ.מ )   - 50%  .   אפריקה ישראל מגורים בע""מ יחד עם ",,0.20,,avic,,1,בגין,2019-07-10 00:00:00,,240,225.1206,5.00000000000000,מדד המחירים לצרכן,,,,"

אפריקה ישראל מגורים בע""מ
יוני נתניהו 1 ג' אור יהודה
מ.ז 52-003476-0

שיכון ובינוי נדל""ן בע""מ
שלם 3 רמת גן 52215
מ.ז 52-002117-1

כלל נכסי נדלן נשר מרכז (נ.נ.נ.מ) שותפות מוגבלת
מרכז עזריאלי בניין משולש 3, תל אביב
540283033
","
גיורא גור ושות' אדריכלים בע""מ
הגפן 1 ת.ד 9436 חיפה
",, נשר ,11170 חל' 1  וגוש 11168 חלק מחל' 1 ,355-0359364  מכ/866,"אבי כהן מאפריקה ישראל מגורים בע""מ",עמיקם וודעי / ליאור אחירון , 3,ליאור אחירון ו/או עמיקם וודעי ,"מתחם קרקע המצוי בעיר נשר והידוע כחלקה 1 בגוש 11165, חלקות 2, 4 ו- 5 בגוש 11166, חלקות 1 ו- 2 בגוש 11167 חלקה 1 בגוש 11168, חלקות 3 ו- 4 בגוש 11169 וחלקות 1 ו- 3 בגוש 11170.",,,		נשר - ( שם זמני ) ,"ש""ח","                                        גיורא גור ושות' אדריכלים בע""מ",,תכנון ויעוץ באדריכלות במגרשי המגורים ו/או מסחר/משרדים  ו/או שילוב ,שוטף + 60,Item,sites/Contracts/ProjectContractLibrary/נשר,נשר
CONT-10-1845,חוזה אדריכל מגורים ושטחי מסחר.docx,אדריכל מגורים ומסחר,,,1686000,נס ציונה מחיר למשתכן,טיוטה,2018-10-11 00:00:00,2022-01-21 20:00:00,מחיר קבוע/פאושלי,,,0.2,,avibe,,2,ידוע,2018-10-10 00:00:00,,40,223.9951,5.00000000000000,מדד המחירים לצרכן,,,,"
א.מ. ישראל מגורים יזמות בע""מ
יוני נתניהו 1 אור יהודה
514957794
","
כנען - שנהב אדריכלים
קריית עתידים בניין 2 תל אביב
",,נס ציונה,,,אבי ברטי לוי,זמיר תירוש,2,גיל שנהב,,,,מחיר למשתכן נס ציונה,"ש""ח",כנען - שנהב אדריכלים,,אדריכל,שוטף + 30,Item,sites/Contracts/ProjectContractLibrary/נס ציונה מחיר למשתכן,נס ציונה מחיר למשתכן
CONT-10-2332,חוזה אדריכל מגורים ושטחי מסחר.docx,אדריכל מגורים ומסחר,2024-05-29 00:00:00,,1086500,הכוזרי הרצליה,טיוטה,2022-03-14 00:00:00,2027-02-14 22:00:00,מחיר קבוע/פאושלי,50%,,0.8,,meryle,,2,ידוע,2022-03-13 00:00:00,,60,1,7.00000000000000,מדד נומינלי,,,,"
אפריקה התחדשות עירונית בע""מ
יהונתן נתניהו 1 אור יהודה
514639525

מצלאוי חברה לבנין בע""מ
דרך רפאל איתן 1, קרית אונו
512726712
","
ד.ס. בניין ערים - אדריכלים ותכנון בע""מ
רח' החשמונאים 100, תל אביב

",,הרצליה,6538,504-0138628,מרול אטמן,יואב השמשוני,,יואב השמשוני,420-423,,,הכוזרי,"ש""ח","ד.ס. בניין ערים - אדריכלים ותכנון בע""מ",,תכנון אדריכלי מגורים ומסחר,60 יום,Item,sites/Contracts/ProjectContractLibrary/הכוזרי - הרצליה,הכוזרי - הרצליה
CONT-10-2445,חוזה אדריכל מגורים ושטחי מסחר.docx,אדריכל מגורים ומסחר,,,,,טיוטה,,,מחיר קבוע/פאושלי,,,,,kooksec,,1,,,,,,11.0000000000000,שקל חדש,,,,"אפריקה התחדשות עירונית בע""מ
יוני נתניהו 1 ג' אור יהודה ת.ד 715
ח.פ 514639525","
רן בלנדר אדריכלות ובינוי ערים בע""מ
הארבעה 28, ת""א
514063890
",,תל אביב-יפו,,,,,,,,,,דרך השלום 71-75,"ש""ח","רן בלנדר אדריכלות ובינוי ערים בע""מ",,"מגדל 19 קומות ו3 מבנים בני 8 קומות, 750 מ""ר מסחר מפוזר ב3 בניינים, 1000 מ""ר ציבורי מחולק בין 2 בניינים",שוטף + 45,Item,sites/Contracts/ProjectContractLibrary/מורדות ארנונה,מורדות ארנונה
CONT-10-367,חוזה אדריכל מסחירי 1.docx,אדריכל מגורים ומסחר,2018-05-31 00:00:00,,300000,גליל ים,טיוטה,2017-12-28 00:00:00,2019-06-08 21:00:00,מחיר קבוע/פאושלי,100,,,,michak,,בגין,,2017-12-27 00:00:00,,12,,,אירו,,,,"
אפריקה ישראל מגורים בע""מ
יוני נתניהו 1 ג' אור יהודה
מ.ז 52-003476-0
","
בדיקה
בדיקה
01234567
",,הרצליה,,,,,,,,,,בניין 51 ,"ש""ח",,,בונה בניין,90 יום,Item,sites/Contracts/ProjectContractLibrary/סביוני גליל ים,סביוני גליל ים
CONT-10-1879,חוזה אדריכל נוף.docx,מתכנן אדריכלות נוף,2018-12-27 00:00:00,,118800,נס ציונה מחיר למשתכן,טיוטה,2018-12-27 00:00:00,2022-09-06 23:00:00,מחיר קבוע/פאושלי,100,,0.3,,kooksec,,2,,,,45,,,,,,,"
א.מ. ישראל מגורים יזמות בע""מ
יוני נתניהו 1 אור יהודה
514957794
","
צ'סלר סולומון אדריכלות נוף
הסייפן 34 עין ורד
514800762
",,נס ציונה,,,,,,,,,,"א.מ ישראל מגורים יזמות בע""מ","ש""ח",צ'סלר סולומון אדריכלות נוף,,"תכנון ל-216 יח""ד לרבות מרתפי חניה ",שוטף + 45,Item,sites/Contracts/ProjectContractLibrary/נס ציונה מחיר למשתכן,נס ציונה מחיר למשתכן
CONT-10-1899,חוזה אדריכל נוף.docx,מתכנן אדריכלות נוף,2020-05-07 00:00:00,,157000,סביוני רעננה צפון,טיוטה,2020-02-01 00:00:00,,מחיר קבוע/פאושלי,,,0.4,,germank,,,12.2019,2019-12-30 23:00:00,,,100.8,5.00000000000000,מדד המחירים לצרכן,,,,"אפריקה-ישראל מגורים בע''מ, מ.ח. 520034760
רח' יהונתן נתניהו 7 ג1', אור יהודה.","
אריאל סדרה - מתכנן נוף ופיתוח בע""מ
ת.ד. 25 הוד השרון
",,רמת השרון,"גוש 6578, חלקה 151",רע/708,,אריאל סדרה,,,,,,סביוני  רעננה  צפון,"ש""ח","אריאל סדרה - מתכנן נוף ופיתוח בע""מ","אפריקה ישראל מגורים בע""מ",הקמה 150 יח''ד ומסחר,,Item,sites/Contracts/ProjectContractLibrary/סביוני רעננה צפון,סביוני רעננה צפון
CONT-10-2000,חוזה אדריכל נוף.docx,מתכנן אדריכלות נוף,,,,,טיוטה,,,,100%,,,,,,,,,,,,,,,,,"א.מ. ישראל מגורים פיתוח בע""מ
יוני נתניהו 1 ג' אור יהודה
513313148     
","צסלר סלומון בע""מ
              הסייפן 34 עין ורד ת.ד 289 קדימה צורן
              514800762",,ירושלים,,,שירי סלומון,,,,,,,"א.מ. ישראל מגורים פיתוח בע""מ",,"צסלר סלומון בע""מ","א.מ ישראל מגורים פיתוח בע""מ",,,Item,sites/Contracts/ProjectContractLibrary/מורדות ארנונה,מורדות ארנונה
CONT-10-2096,חוזה אדריכל נוף.docx,מתכנן אדריכלות נוף,2021-10-28 00:00:00,,,,אושר,2021-04-22 00:00:00,2028-02-07 20:00:00,מחיר קבוע/פאושלי,100%,,0.3,,avic,,1,בגין,2021-04-21 00:00:00,,80,226.4666,5.00000000000000,מדד המחירים לצרכן,,,,"אפריקה ישראל מגורים בע""מ
יוני נתניהו 1 ג' אור יהודה
מ.ז 52-003476-0
","
מילר בלום תיכנון סביבתי
התשבי 14            חיפה
",,קרית אתא,10255  מגרשים  57-65,כ/248,"אבי כהן מחברת אפריקה ישראל מגורים בע""מ ",אמיר בלום ,6,מוריס דהאן,מגרשים 57-65,,,גבעת הכלניות ( טרם ניתן שם לפרויקט ),"ש""ח",מילר בלום תיכנון סביבתי,,תכנון ויעוץ אדריכלות נוף בפרויקט ,שוטף + 45,Item,sites/Contracts/ProjectContractLibrary/גבעת הכלניות - קרית אתא,גבעת הכלניות - קרית אתא
CONT-10-2141,חוזה אדריכל נוף.docx,מתכנן אדריכלות נוף,2021-01-01 00:00:00,,115000,,טיוטה,2020-12-16 00:00:00,2024-07-13 21:00:00,מחיר קבוע/פאושלי,,,,,dekelr,,2,ידוע,2020-12-15 00:00:00,,40,223.3374,5.00000000000000,מדד המחירים לצרכן,,,,"
אפריקה ישראל מגורים בע""מ
יוני נתניהו 1 ג' אור יהודה
מ.ז 52-003476-0
","
ד.מרגלית-ע.מרגלית אדריכלי נוף
ביאליק 127 ר""ג
",,נתניה,8256,נת / 556 / ב / 1,דקל רוקבן,,,,155,מגרש 1409,,נתניה - מגרש 1409,"ש""ח",ד.מרגלית-ע.מרגלית אדריכלי נוף,,תכנון פיתוח נוף,45 יום,Item,sites/Contracts/ProjectContractLibrary/נתניה - מגרש 1409,נתניה - מגרש 1409
CONT-10-2234,חוזה אדריכל נוף.docx,מתכנן אדריכלות נוף,,,88000,רמת שרת שלב ב,טיוטה,,,מחיר קבוע/פאושלי,,,,,kooksec,,2,,,,,,5.00000000000000,מדד המחירים לצרכן,,,,"פ.א פיתוח ובנייה בירושלים בע""מ
יוני נתניהו 1 ג' אור יהודה ת.ד 715
513958009","
ישי חנון
שמשון 22 ירושלים
055302178
",,ירושלים,,,אבי ברטי לוי,ישי חנון,,ישי חנון,,,,"פ.א פיתוח ובנייה בירושלים בע""מ","ש""ח",ישי חנון,,,45 יום,Item,sites/Contracts/ProjectContractLibrary/רמת שרת שלב ב,רמת שרת שלב ב
CONT-10-2308,חוזה אדריכל נוף.docx,מתכנן אדריכלות נוף,,,,,טיוטה,,,,,,,,kooksec,,,,,,,,,,,,,,"
אלטר תכנון פיתוח נוף ובניה ירוקה בע""מ
שלום מנצורה 1 ראש עין 
515564920
",,חיפה,,,,,,,,,,,,"אלטר תכנון פיתוח נוף ובניה ירוקה בע""מ","ביתא רוטשילד בע""מ",,,Item,sites/Contracts/ProjectContractLibrary/רוטשילד חיפה,רוטשילד חיפה
CONT-10-2367,חוזה אדריכל נוף.docx,מתכנן אדריכלות נוף,,,190000,אופיס אזור,טיוטה,,,מחיר קבוע/פאושלי,100%,,,,kooksec,,,,,,,,5.00000000000000,מדד המחירים לצרכן,,,,"
אפריקה ישראל מגורים בע""מ
יוני נתניהו 1 ג' אור יהודה
מ.ז 52-003476-0
","
מאזא ארכיטקטורה בע""מ
שדרות רוטשילד 15 תל אביב
516489143
",,אזור,6001,,,,,,,,,מתחם אזור,"ש""ח","             מאזא ארכיטקטורה בע""מ","אפריקה ישראל מגורים בע""מ","פרויקט מגורים בעירוב שימושים הכולל 443 יח""ד ב6 בניינים כולל מסחר  ומבני ציבור וחניון תת""ק",שוטף + 45,Item,sites/Contracts/ProjectContractLibrary/אופיס - אזור,אופיס - אזור
CONT-10-2365,חוזה אדריכל ראש1.docx,אדריכל ראשי,,,,אופיס אזור,טיוטה,,,מחיר קבוע/פאושלי,,,0.1,,kooksec,,1,,,,,,5.00000000000000,מדד המחירים לצרכן,,,,"
אפריקה ישראל מגורים בע""מ
יוני נתניהו 1 ג' אור יהודה ת.ד 715
מ.ז 52-003476-0","
יסקי מור סיון אדריכלים 
בני גוריון 1 בני ברק
550222129
",,אזור,6001,55-0905372,,,,,"140, 142, 115",מגרשים 201 ו202,,מתחם אזור,"ש""ח",יסקי מור סיון אדריכלים ,"אפריקה ישראל מגורים בע""מ",,שוטף + 45,Item,sites/Contracts/ProjectContractLibrary/אופיס - אזור,אופיס - אזור
CONT-10-1872,חוזה אדריכל ראשי.docx,אדריכל ראשי,2018-10-08 00:00:00,,1686000,,טיוטה,2018-10-09 00:00:00,,מחיר קבוע/פאושלי,100,,0.3,,kooksec,,2,ידוע,2018-10-08 00:00:00,,,223.9951,5.00000000000000,מדד המחירים לצרכן,,,,"
א.מ. ישראל מגורים יזמות בע""מ
יוני נתניהו 1 אור יהודה
514957794
","
כנען שנהב אדריכלים בע""מ 
קרית עתידים, בנין 2, כניסה 2, תל אביב
514198522 
",,נס ציונה,,,,,,,,,,"א.מ ישראל מגורים יזמות בע""מ","ש""ח","כנען שנהב אדריכלים בע""מ ",,"תכנון של כ-216 יח""ד כמספר מגרשים מעל קומת קרקע וחניון תת קרקעי ע""פ תב""ע בתוקף, בתוספת הקלה ליח""ד נוספות",שוטף + 30,Item,sites/Contracts/ProjectContractLibrary/נס ציונה מחיר למשתכן,נס ציונה מחיר למשתכן
CONT-10-1897,חוזה אדריכל ראשי.docx,אדריכל ראשי,,,1280300,סביוני רעננה צפון,טיוטה,2020-01-01 00:00:00,,מחיר קבוע/פאושלי,,,0.12,,germank,,2,,2019-12-31 00:00:00,,,100.8,5.00000000000000,מדד המחירים לצרכן,,,,"אפריקה-ישראל מגורים בע''מ, מ.ח. 520034760
מרח' יהונתן נתניהו 7ג', אור יהודה ","צמיר אדריכלים ומתכנני ערים בע''מ,
ח.פ. 511623282,
רח' היזמה 3 , טירת הכרמל",,רעננה,"גוש 6578, חלק חלקה 151",רע/708,גרמן קגנובסקי,דוד סבאג,4,יעל אוקו,151,,,סביוני  רעננה  צפון,"ש""ח",,"אפריקה ישראל מגורים בע""מ",הקמה 150 יח''ד ומסחר,60 יום,Item,sites/Contracts/ProjectContractLibrary/סביוני רעננה צפון,סביוני רעננה צפון
CONT-10-1914,חוזה אדריכל ראשי.docx,אדריכל ראשי,,,,מורדות ארנונה,טיוטה,,,מחיר קבוע/פאושלי,100,,,,kooksec,,2,,,,,,,,,,,"
א.מ. ישראל מגורים פיתוח בע""מ
יוני נתניהו 1 ג' אור יהודה
513313148
","
יגאל לוי אדריכלים בע""מ
יפו 33 ירושלים
513313148
",,ירושלים,,,אבי ברטי לוי,יגאל לוי,,יגאל לוי,,,,"א.מ. ישראל מגורים פיתוח בע""מ","ש""ח","יגאל לוי אדריכלים בע""מ",,"בניית יח""ד להשכרה, לרבות חניונים תת""ק ופיתוח צמוד",,Item,sites/Contracts/ProjectContractLibrary/מורדות ארנונה,מורדות ארנונה
CONT-10-1923,חוזה אדריכל ראשי.docx,אדריכל ראשי,,,,,טיוטה,,,,,,,,avic,,,,,,,,,,,,,"
אפריקה ישראל מגורים בע""מ
יוני נתניהו 1 ג' אור יהודה
מ.ז 52-003476-0
","
גיורא גור ושות' אדריכלים בע""מ
הגפן 1 ת.ד 9436 חיפה
",,,,,,,,,,,,,,"גיורא גור ושות' אדריכלים בע""מ",,,,Item,sites/Contracts/ProjectContractLibrary,
CONT-10-1924,חוזה אדריכל ראשי.docx,אדריכל ראשי,2020-08-12 00:00:00,,,נשר,טיוטה,2019-09-19 00:00:00,2039-06-04 21:00:00,מחיר קבוע/פאושלי,,,0.1,,avic,,1,בגין,2019-09-18 00:00:00,,240,225.5663,5.00000000000000,מדד המחירים לצרכן,,,,"
אפריקה ישראל מגורים בע""מ
יוני נתניהו 1 ג' אור יהודה
מ.ז 52-003476-0

שיכון ובינוי נדל""ן בע""מ
שלם 3 רמת גן 52215
מ.ז 52-002117-1

כלל נכסי נדלן נשר מרכז (נ.נ.נ.מ) שותפות מוגבלת
מרכז עזריאלי בניין משולש 3, תל אביב
540283033
","
גיורא גור ושות' אדריכלים בע""מ
הגפן 1 ת.ד 9436 חיפה
",,נשר,,355-0359364,"אבי כהן מאפריקה ישראל מגורים בע""מ",,,,,,,נשר - ( שם זמני ) ,"ש""ח","גיורא גור ושות' אדריכלים בע""מ",,תכנון ויעוץ באדריכלות ,שוטף + 60,Item,sites/Contracts/ProjectContractLibrary/אנדריוס,אנדריוס
CONT-10-1927,חוזה אדריכל ראשי.docx,אדריכל ראשי,2020-08-19 00:00:00,,,( טרם ניתן שם לפרויקט ) בעיר נשר,טיוטה,2019-07-11 00:00:00,2039-06-04 21:00:00,מחיר קבוע/פאושלי,"כלל נכסי נדלן נשר מרכז ( נ.נ.נ.מ )   - 50%  .   אפריקה ישראל מגורים בע""מ יחד עם ",,0.19,,avic,,1,בגין,2019-07-10 00:00:00,,240,225.1206,5.00000000000000,מדד המחירים לצרכן,,,,"
אפריקה ישראל מגורים בע""מ
יוני נתניהו 1 ג' אור יהודה
מ.ז 52-003476-0

שיכון ובינוי נדל""ן בע""מ
שלם 3 רמת גן 52215
מ.ז 52-002117-1

כלל נכסי נדלן נשר מרכז (נ.נ.נ.מ) שותפות מוגבלת
מרכז עזריאלי בניין משולש 3, תל אביב
540283033
","
גיורא גור ושות' אדריכלים בע""מ
הגפן 1 ת.ד 9436 חיפה
",, בפרויקט נשר ,11170 חל' 1  וגוש 11168 חלק מחל' 1 ,355-0359364  מכ/866,"אבי כהן מאפריקה ישראל מגורים בע""מ",עמיקם וודעי / ליאור אחירון ,,ליאור אחירון ו/או עמיקם וודעי ,"מתחם קרקע המצוי בעיר נשר והידוע כחלקה 1 בגוש 11165, חלקות 2, 4 ו- 5 בגוש 11166, חלקות 1 ו- 2 בגוש 11167 חלקה 1 בגוש 11168, חלקות 3 ו- 4 בגוש 11169 וחלקות 1 ו- 3 בגוש 11170.",,,נשר - ( שם זמני ) ,"ש""ח","                                   גיורא גור ושות' אדריכלים בע""מ",,תכנון ויעוץ באדריכלות במגרשי המגורים ו/או מסחר/משרדים  ו/או שילוב ,שוטף + 60,Item,sites/Contracts/ProjectContractLibrary/נשר,נשר
CONT-10-1996,חוזה אדריכל ראשי.docx,אדריכל ראשי,,,1128000,נתניה - מגרש 1409,טיוטה,2020-10-22 00:00:00,2023-10-07 00:00:00,מחיר קבוע/פאושלי,100%,,0.2,,dekelr,,1,בגין,2020-10-21 00:00:00,,36,223.3374,5.00000000000000,מדד המחירים לצרכן,,,,"
אפריקה ישראל מגורים בע""מ
יוני נתניהו 1 ג' אור יהודה
מ.ז 52-003476-0
","
גל-אור פישביין אדריכלים בע""מ
הנמל 36 א תל אביב
",,נתניה,8256,נת / 556 / ב / 1,דקל רוקבן,ענת אלפרוביץ,,גיל פישביין ,115,מגרש 1409,,נתניה - מגרש 1409,"ש""ח","גל-אור פישביין אדריכלים בע""מ",,"תכנון אדריכלי של הפרויקט כולל תב""ע בסמכות מקומית",שוטף + 45,Item,sites/Contracts/ProjectContractLibrary/נתניה - מגרש 1409,נתניה - מגרש 1409
CONT-10-2305,חוזה אדריכל ראשי.docx,אדריכל ראשי,,,,,טיוטה,,,,100,,,,kooksec,,,,,,,,,,,,,"
אפריקה התחדשות עירונית בע""מ
יוני נתניהו 1 ג' אור יהודה
514639525
","
גורדון אדריכליים ומתכנני ערים בע""מ
קרן יסוד 15 טירת כרמל
515177459
",,חיפה,,,,,,,,,,"אפריקה התחדשות עירונית בע""מ",,"גורדון אדריכליים ומתכנני ערים בע""מ",,,,Item,sites/Contracts/ProjectContractLibrary/רמת שרת/דרומי,רמת שרת
CONT-10-2306,חוזה אדריכל ראשי.docx,אדריכל ראשי,,,,,טיוטה,,,,,,,,kooksec,,,,,,,,,,,,,,,,,,,,,,,,,,,,,,,,Item,sites/Contracts/ProjectContractLibrary/רוטשילד חיפה,רוטשילד חיפה
CONT-10-2249,חוזה אחראי לביקורת פרויקטים.docx,אחראי לביקורת פרויקטים,,,127000,,טיוטה,,,מחיר קבוע/פאושלי,100%,,,,kooksec,,2,,,,,,,,,,,,"
אורן הנדסה ניהול פרויקטים בע""מ
מגדל צ'מפיון ק30 דרך ששת הימים 30 בני ברק

",,,,,אבי ברטי לוי,אבירם אורן,,אבירם אורן,,,,,"ש""ח","אורן הנדסה ניהול פרויקטים בע""מ","אפריקה ישראל מגורים בע""מ",,45 יום,Item,sites/Contracts/ProjectContractLibrary/נצר סירני,נצר סירני
CONT-10-2255,חוזה אחראי לביקורת פרויקטים.docx,אחראי לביקורת פרויקטים,,,127000,"בית מפא""י",טיוטה,,,מחיר קבוע/פאושלי,100%,,,,kooksec,,2,,,,,,5.00000000000000,מדד המחירים לצרכן,,,,"
אפריקה ישראל מגורים בע""מ
יוני נתניהו 1 ג' אור יהודה
מ.ז 52-003476-0
","
אורן הנדסה ניהול פרויקטים בע""מ
מגדל צ'מפיון ק.30 דרך ששת הימים 30 בני ברק
514862846
",,ירושלים,,,אבי ברטי לוי,אבירם אורן,,אבירם אורן,,,,"אפריקה ישראל מגורים בע""מ","ש""ח","אורן הנדסה ניהול פרויקטים בע""מ",,,45 יום,Item,sites/Contracts/ProjectContractLibrary/בית מפאי,בית מפאי
CONT-10-2372,חוזה איתור תשתיות.docx,סקר תשתיות,,,37300,אופיס אזור,טיוטה,,,מחיר קבוע/פאושלי,100%,,,,kooksec,,2,,,,,,5.00000000000000,מדד המחירים לצרכן,,,,"
אפריקה ישראל מגורים בע""מ
יוני נתניהו 1 ג' אור יהודה
מ.ז 52-003476-0
","
די - טק תשתיות בע""מ
אלה 88 פרדסיה
513595702
",,אזור,6001,554-0905372,,,,,"140, 142, 115",מגרשים 201 ו-202,,מתחם אזור,"ש""ח","די - טק תשתיות בע""מ",,"פרויקט מגורים בעירוב שימושים הכולל 443 יח""ד ב6",שוטף + 45,Item,sites/Contracts/ProjectContractLibrary/אופיס - אזור,אופיס - אזור
CONT-10-1998,חוזה ג גור מחוץ למגרשים בינוי נשר.docx,,2021-01-03 14:05:40,,,נשר,טיוטה,,,,,,,,avic,,,,2021-01-03 14:05:40,,,,,,,,,,"
גיורא גור ושות' אדריכלים בע""מ
הגפן 1 ת.ד 9436 חיפה
",,נשר,,,,,,,,,,נשר  ( טרם ניתן שם לפרויקט ) ,,"גיורא גור ושות' אדריכלים בע""מ",,,,Item,sites/Contracts/ProjectContractLibrary/נשר,נשר
CONT-10-1917,חוזה הידרולוג.docx,הידרולוג,2019-11-12 00:00:00,,11500,נס ציונה מחיר למשתכן,טיוטה,2019-11-12 00:00:00,2021-10-31 22:00:00,מחיר קבוע/פאושלי,100,,,,kooksec,,2,,,,24,,11.0000000000000,שקל חדש,,,,"
א.מ. ישראל מגורים יזמות בע""מ
יוני נתניהו 1 אור יהודה
514957794
","
אינג' יוני גורן


",,נס ציונה,,,,,,,,,,"א.מ ישראל מגורים יזמות בע""מ","ש""ח",אינג' יוני גורן,,ליווי הידרולוגי,שוטף + 45,Item,sites/Contracts/ProjectContractLibrary/נס ציונה מחיר למשתכן,נס ציונה מחיר למשתכן
CONT-10-2111,חוזה הידרולוג.docx,הידרולוג,,,,"מורדות ארנונה, ",טיוטה,,,,100%,,,,,,,,,,,,,,,,,"א.מ. ישראל מגורים פיתוח בע""מ
יוני נתניהו 1 ג' אור יהודה
513313148
","צוק הידרולוגיה והסביבה בע""מ
קרית אונו ת.ד 64 5510001
515385383",,ירושלים,,,אבי ברטי לוי,,,,,,,"א.מ. ישראל מגורים פיתוח בע""מ",,"צוק הידרולוגיה והסביבה בע""מ","א.מ. ישראל מגורים פיתוח בע""מ",,,Item,sites/Contracts/ProjectContractLibrary/מורדות ארנונה,מורדות ארנונה
CONT-10-2163,חוזה הידרולוג.docx,הידרולוג,2022-05-18 00:00:00,,,גבעת הכלניות,אושר,2022-05-24 00:00:00,,מחיר קבוע/פאושלי,100%,,0.10,,avic,,1,בגין,2022-02-10 00:00:00,,,,5.00000000000000,מדד המחירים לצרכן,,,,"
אפריקה ישראל מגורים בע""מ
יוני נתניהו 1 ג' אור יהודה
מ.ז 52-003476-0
","
מ.רוזנטל מהנדסים בע""מ

",,קרית אתא ,גוש 10255,כ/248,"אבי כהן מחברת אפריקה ישראל מגורים בע""מ ",מר מאיר רוזנטל ,2,אבי כהן ,מגרשים 57-65,,,גבעת הכלניות ( טרם ניתן שם לפרויקט ),"ש""ח","מ.רוזנטל מהנדסים בע""מ","אפריקה ישראל מגורים בע""מ ",יעוץ ותכנון הידרולוגי ,שוטף + 45,Item,sites/Contracts/ProjectContractLibrary/גבעת הכלניות - קרית אתא,גבעת הכלניות - קרית אתא
CONT-10-2190,חוזה הידרולוג.docx,הידרולוג,,,,רוקי,טיוטה,2022-01-20 00:00:00,,,,,0.2,,avic,,1,בגין,2022-01-19 00:00:00,,,231.3849,5.00000000000000,מדד המחירים לצרכן,,,,"
אפריקה ישראל מגורים בע""מ
יוני נתניהו 1 ג' אור יהודה
מ.ז 52-003476-0

שיכון ובינוי נדל""ן בע""מ
שלם 3 רמת גן 52215
מ.ז 52-002117-1

כלל נכסי נדלן נשר מרכז (נ.נ.נ.מ) שותפות מוגבלת
מרכז עזריאלי בניין משולש 3, תל אביב
540283033
",,,נשר,111118,355-0359364 ( מכ/866 ),"אבי כהן מחברת אפריקה ישראל מגורים בע""מ ",,2,,,,,אגמי הכרמל ,"ש""ח",,,יועץ הידרולוגי ,שוטף + 60,Item,sites/Contracts/ProjectContractLibrary/נשר,נשר
CONT-10-2326,חוזה הידרולוג.docx,הידרולוג,,,,,טיוטה,,,,50%,,,,kooksec,,,,,,,,,,,,,"
ביתא רוטשילד בע""מ
יוני נתניהו 1 ג' אור יהודה ת.ד 715
515851194
","
יוזמות למען סביבה והקהילה בע""מ
שונצינו 16 ת""א
512806886
",,חיפה,,,,,,,,,,,,"יוזמות למען סביבה והקהילה בע""מ",,,,Item,sites/Contracts/ProjectContractLibrary/רוטשילד חיפה,רוטשילד חיפה
CONT-10-2375,חוזה הידרולוג.docx,הידרולוג,,,60000,אופיס אזור,טיוטה,,,מחיר קבוע/פאושלי,100%,,,,kooksec,,2,,,,,,5.00000000000000,מדד המחירים לצרכן,,,,"
אפריקה ישראל מגורים בע""מ
יוני נתניהו 1 ג' אור יהודה
מ.ז 52-003476-0
","
אפרת פרבר
אלמוג 23 נווה מונוסון 
033213786
",,אזור,6001,554-0905372,,,,,"115,142, 140",מגרשים 201 ו-202,,מתחם אזור,"ש""ח",אפרת פרבר,,"פרויקט מגורים בעירוב שימושים הכולל 443 יח""ד ב6",שוטף + 45,Item,sites/Contracts/ProjectContractLibrary/אופיס - אזור,אופיס - אזור
CONT-10-2474,חוזה הידרולוג.docx,הידרולוג,,,,,טיוטה,,,מחיר קבוע/פאושלי,100%,,,,kooksec,,,,,,,,,,,,,"
אפריקה התחדשות עירונית בע""מ
יוני נתניהו 1 ג' אור יהודה ת.ד 715
514639525
","
אתגר א.הנדסה בע""מ
החרש 15, הוד השרון
511046948
",,תל אביב-יפו,,,,,,,,,,"אפריקה התחדשות עירונית בע""מ","ש""ח","אתגר א.הנדסה בע""מ",,,45 יום,Item,sites/Contracts/ProjectContractLibrary/דרך השלום - תא,דרך השלום - תא
CONT-10-2050,חוזה חברת ניהול ופיקוח פרויקטים - טיוטה.docx,ניהול תיאום ופיקוח,,,,,טיוטה,,,מחיר קבוע/פאושלי,,,,,dekelr,,,,,,,,,,,,,,,,נתניה,,,,,,,,,,נתניה - מגרש 1409,,,,,,Item,sites/Contracts/ProjectContractLibrary/נתניה - מגרש 1409,נתניה - מגרש 1409
CONT-10-2368,חוזה חברת ניהול ופיקוח פרויקטים חדש.docx,ניהול תיאום ופיקוח,,,,מורדות ארנונה,טיוטה,,,,100%,,0.2,,kooksec,,,,,,,,,,,,,"א.מ. ישראל מגורים פיתוח בע""מ ",,,ירושלים,,,אלעד דוד,,,,,,,"א.מ. ישראל מגורים פיתוח בע""מ",," אלעד דוד בע""מ ח.פ 515300127  ","א.מ. ישראל מגורים פיתוח בע""מ יהודה",,,Item,sites/Contracts/ProjectContractLibrary/מורדות ארנונה,מורדות ארנונה
CONT-10-2392,חוזה חברת ניהול ופיקוח פרויקטים פאי הנדסה גני יהודה.docx,ניהול תיאום ופיקוח,,,,,טיוטה,,,,,,,,germank,,,,,,,,,,,,,"
אפריקה ישראל להשקעות בע""מ
דרך החורש 4 יהוד
מ.ז 52-000506-7
","
פאי הנדסה א.מ בע""מ
ת.ד 3574 קיסריה
",,יהוד מונוסון,,,,,,,,,,גני יהודה ,,"פאי הנדסה א.מ בע""מ","אפריקה ישראל להשקעות בע""מ",הקמת 342 יח''ד ,,Item,sites/Contracts/ProjectContractLibrary,
CONT-10-1870,חוזה חברת ניהול ופיקוח פרויקטים.docx,ניהול תיאום ופיקוח,2018-12-23 00:00:00,,1944000,נס ציונה מחיר למשתכן,טיוטה,2019-01-01 00:00:00,,אחוז מהעלות,100,,0.1,,kooksec,,2,,,,45,,,,,,,"א.מ ישראל מגורים יזמות בע""מ 
רח' יוני נתניהו 1 ג' אור יהודה
מ.ז 514957794
",,,,,,,,,,,,,"א.מ ישראל מגורים יזמות בע""מ","ש""ח","פי.סי.אר. ניהול פרויקטים בבניה בע""מ","א.מ ישראל מגורים יזמות בע""מ","ניהול הנדסי, תאום ופיקוח על הקמת כ-216 יח""ד בכ-6 בניינים",שוטף + 30,Item,sites/Contracts/ProjectContractLibrary/נס ציונה מחיר למשתכן,נס ציונה מחיר למשתכן
CONT-10-1981,חוזה חברת ניהול ופיקוח פרויקטים.docx,ניהול תיאום ופיקוח,,,,מורדות ארנונה,טיוטה,,,,,,,,,,,,,,,,,,,,,,,,,,,,,,,,,,"א.מ. ישראל מגורים פיתוח בע""מ",,"פי.סי.אר. ניהול פרויקטים בבניה בע""מ ח.פ 515637387  ","א.מ. ישראל מגורים פיתוח בע""מ יהודה",,,Item,sites/Contracts/ProjectContractLibrary/מורדות ארנונה,מורדות ארנונה
CONT-10-2156,חוזה חברת ניהול ופיקוח פרויקטים.docx,ניהול תיאום ופיקוח,,,,רמת שרת,טיוטה,,,,50%,,,,,,,,,,,,,,,,,"פ.א פיתוח ובנייה בירושלים בע""מ",,,ירושלים,,,אבי ברטי לוי,,,,,,,סביוני רמת שרת שלב ב,,"מסד עוז ניהול ופיקוח בע""מ","פ.א פיתוח ובנייה בירושלים בע""מ",,,Item,sites/Contracts/ProjectContractLibrary/רמת שרת שלב ב,רמת שרת שלב ב
CONT-10-2164,חוזה חברת ניהול ופיקוח פרויקטים.docx,ניהול תיאום ופיקוח,2022-02-15 00:00:00,,,פרויקט ,אושר,2021-09-16 00:00:00,,,,,0.4,,avic,,1,בגין,2021-09-15 00:00:00,,,,5.00000000000000,מדד המחירים לצרכן,,,,"
אפריקה ישראל מגורים בע""מ
יוני נתניהו 1 ג' אור יהודה
מ.ז 52-003476-0

שיכון ובינוי נדל""ן בע""מ
שלם 3 רמת גן 52215
מ.ז 52-002117-1

כלל נכסי נדלן נשר מרכז (נ.נ.נ.מ) שותפות מוגבלת
מרכז עזריאלי בניין משולש 3, תל אביב
540283033
","
פאי הנדסה א.מ בעמ

",,נשר,חלקה 1 בגוש 11170 וכן חלק מחלקה 1 בגוש 11118,מכ/886   355-0359364,"אבי כהן מחברת אפריקה ישראל מגורים בע""מ ",משה סולומון,5,משה סולומון ,,,,אגמי הכרמל ,"ש""ח",פאי הנדסה א.מ בעמ,,,שוטף + 45,Item,sites/Contracts/ProjectContractLibrary/נשר,נשר
CONT-10-2323,חוזה חברת ניהול ופיקוח פרויקטים.docx,ניהול תיאום ופיקוח,,,,,טיוטה,,,,50%,,,,kooksec,,,,,,,,,,,,,"
ביתא רוטשילד בע""מ

515851194
","
אי.שטרן ניהול פרויקטים הנדסיים בע""מ
שדרות ההסתדרות 88 חיפה
512042623
",,חיפה,,,,,,,,,,,,"אי.שטרן ניהול פרויקטים הנדסיים בע""מ","ביתא רוטשילד בע""מ ",,,Item,sites/Contracts/ProjectContractLibrary/רוטשילד חיפה,רוטשילד חיפה
CONT-10-2329,חוזה חברת ניהול ופיקוח פרויקטים.docx,ניהול תיאום תכנון ופיקוח,,,2650000,הכוזרי הרצליה,טיוטה,2022-02-15 00:00:00,2027-01-18 22:00:00,מחיר קבוע/פאושלי,50%,,0.2,,meryle,,2,ידוע,2022-02-14 00:00:00,,60,229.82,5.00000000000000,מדד המחירים לצרכן,,,,"
אפריקה התחדשות עירונית בע""מ
514639525
","
אפרתי מדפיס ניהול פרויקטים בע""מ
דרך ירושלים 34, רעננה

",,הרצליה,6538,504-0138628,,תהילה רדקו,,יוני אפרתי,420-423,,,הכוזרי,"ש""ח","אפרתי מדפיס ניהול פרויקטים בע""מ",אפריקה התחדשות עירונית,ניהול תיאום תכנון ופיקוח,60 יום,Item,sites/Contracts/ProjectContractLibrary/הכוזרי - הרצליה,הכוזרי - הרצליה
CONT-10-1916,חוזה יועץ איטום.docx,יועץ איטום,2019-01-13 00:00:00,,42000,נס ציונה מחיר למשתכן,טיוטה,2019-01-13 00:00:00,2021-01-01 22:00:00,מחיר קבוע/פאושלי,100,,,,kooksec,,2,,,,24,,11.0000000000000,שקל חדש,,,,"
א.מ. ישראל מגורים יזמות בע""מ
יוני נתניהו 1 אור יהודה
514957794
","
זאן ברקוביץ
משה דיין 88, כפר סבא
514305895
",,נס ציונה,,,אבי ברטי לוי,,,,,,,"א.מ ישראל מגורים יזמות בע""מ",,זאן ברקוביץ,,"תכנון ל-216 יח""ד לרבות מרתפי חניה ",שוטף + 45,Item,sites/Contracts/ProjectContractLibrary/נס ציונה מחיר למשתכן,נס ציונה מחיר למשתכן
CONT-10-2100,חוזה יועץ איטום.docx,יועץ איטום,2021-09-16 00:00:00,,55000,גבעת הכלניות,אושר,2021-07-15 00:00:00,2028-04-11 21:00:00,מחיר קבוע/פאושלי,100%,,0.2,,avic,,,,2021-07-14 00:00:00,,80,,5.00000000000000,מדד המחירים לצרכן,,,,"
אפריקה ישראל מגורים בע""מ
יוני נתניהו 1 ג' אור יהודה
מ.ז 52-003476-0
","
ז'אן ברקוביץ מהנדסים יועצים
משה דיין 88 כפר סבא
",,קרית אתא ,10255 ,כ/248,"אבי כהן מחברת אפריקה ישראל מגורים בע""מ ",ג'אן ברקוביץ',4,ג'אן ברקוביץ',מגרשים 57-65,,,גבעת הכלניות ( טרם ניתן שם לפרויקט ),"ש""ח",ז'אן ברקוביץ מהנדסים יועצים,,תכנון ויעוץ לאיטום בפרויקט,שוטף + 45,Item,sites/Contracts/ProjectContractLibrary/גבעת הכלניות - קרית אתא,גבעת הכלניות - קרית אתא
CONT-10-2146,חוזה יועץ איטום.docx,יועץ איטום,2021-09-01 00:00:00,,11800,,טיוטה,2021-08-16 00:00:00,2023-08-21 21:00:00,מחיר קבוע/פאושלי,,,,,dekelr,,2,ידוע,2021-08-15 00:00:00,,24,227.5844,5.00000000000000,מדד המחירים לצרכן,,,,"
אפריקה ישראל מגורים בע""מ
יוני נתניהו 1 ג' אור יהודה
מ.ז 52-003476-0
","
ס. דניאל - מתן שרותי ייעוץ בע""מ
 633, קרית מוצקין, 2610601

",,נתניה,8256,נת / 556 / ב / 1,דקל רוקבן,,,,155,מגרש 1409,,נתניה - מגרש 1409,"ש""ח","ס. דניאל - מתן שרותי ייעוץ בע""מ",,יעוץ איטום,45 יום,Item,sites/Contracts/ProjectContractLibrary/נתניה - מגרש 1409,נתניה - מגרש 1409
CONT-10-2174,חוזה יועץ איטום.docx,יועץ איטום,2022-04-14 00:00:00,,,נשר,טיוטה,2022-02-10 00:00:00,,מחיר קבוע/פאושלי,,,,,avic,,1,בגין,2022-02-09 00:00:00,,,231.3849,5.00000000000000,מדד המחירים לצרכן,,,,"
אפריקה ישראל מגורים בע""מ
יוני נתניהו 1 ג' אור יהודה
מ.ז 52-003476-0

שיכון ובינוי נדל""ן בע""מ
שלם 3 רמת גן 52215
מ.ז 52-002117-1

כלל נכסי נדלן נשר מרכז (נ.נ.נ.מ) שותפות מוגבלת
מרכז עזריאלי בניין משולש 3, תל אביב
540283033
","
ז'אן ברקוביץ מהנדסים יועצים
משה דיין 88 כפר סבא
",,נשר,חלקה 1 בגוש 11170 וכן חלק מחלקה 1 בגוש 11118,355-0359364 ( מכ/866 ),"אבי כהן מחברת אפריקה ישראל מגורים בע""מ ",ג'אן ברקוביץ',4,ג'אן ברקוביץ',,,,אגמי הכרמל ,"ש""ח",ז'אן ברקוביץ מהנדסים יועצים,,יועץ איטום בפרוקיט ,שוטף + 45,Item,sites/Contracts/ProjectContractLibrary/נשר,נשר
CONT-10-2189,חוזה יועץ איטום.docx,יועץ איטום,,,46000,מורדות ארנונה,טיוטה,,,מחיר קבוע/פאושלי,100%,,,,kooksec,,2,,,,26,,,,,,,"
א.מ. ישראל מגורים פיתוח בע""מ
יוני נתניהו 1 ג' אור יהודה
513313148
","
זאן ברקוביץ מהנדסים ויועצים בע""מ
משה דיין 88, כפר סבא
511530685
",,ירושלים,,,אבי ברטי לוי,זאן ברקוביץ,,זאן ברקוביץ,,,,"א.מ ישראל מגורים פיתוח בע""מ","ש""ח","זאן ברקוביץ מהנדסים ויועצים בע""מ",,"תכנון ופיקוח מערכות האיטום לפרויקט מגורים הכוללים 230 יח""ד ושטחי מסחר בני 9 קומות",45 יום,Item,sites/Contracts/ProjectContractLibrary/מורדות ארנונה,מורדות ארנונה
CONT-10-2247,חוזה יועץ איטום.docx,יועץ איטום,,,78500,רמת שרת שלב ב,טיוטה,,,מחיר קבוע/פאושלי,,,,,kooksec,,2,,,,,,5.00000000000000,מדד המחירים לצרכן,,,,"פ.א פיתוח ובנייה בירושלים בע""מ
יוני נתניהו 1 ג' אור יהודה ת.ד 715
","צבי טל ושות' יעוץ תכנון ופתרונות איטום בע""מ
רח' הנגר 24 ק.6 הוד השרון ת.ד 7262
515661866",,ירושלים,,,אבי ברטי לוי,צבי טל,,צבי טל,,,,"פ.א פיתוח ובנייה בירושלים בע""מ","ש""ח",,,"תכנון ופיקוח עליון על פרויקט מגורים הכולל מסחר וחניונים הכולל 2 מגדלי מגורים בני 19 קומות כ""א בסך: 278 יח""ד ומסחר כ2000 מ""ר בקומת קרקע וחניון תת""ק של כ-22,300 מ""ר",45 יום,Item,sites/Contracts/ProjectContractLibrary/רמת שרת שלב ב,רמת שרת שלב ב
CONT-10-2313,חוזה יועץ איטום.docx,יועץ איטום,,,,,טיוטה,,,,,,,,kooksec,,,,,,,,,,,,,"
ביתא רוטשילד בע""מ

515851194
","
צבי טל ושות' יעוץ, תכנון ופתרונות איטום בע""מ
הנגר 24 הוד השרון
515661866
",,חיפה,,,,,,,,,,,,"צבי טל ושות' יעוץ, תכנון ופתרונות איטום בע""מ",,,,Item,sites/Contracts/ProjectContractLibrary/רוטשילד חיפה,רוטשילד חיפה
CONT-10-2468,חוזה יועץ איטום.docx,יועץ איטום,,,,,טיוטה,,,,100%,,,,kooksec,,,,,,,,,,,,,"אפריקה התחדשות עירונית בע""מ
רח' יוני נתניהו 1 ג' אור יהודה
514639525      ","צבי טל ושות' - יעוץ, תכנון ופתרונות איטום בע""מ
רח' הנגר 24, קומה 6, הוד השרון
             515661866
",,תל אביב-יפו,,,,,,,,,,דרך השלום 71-75,,"צבי טל ושות' - יעוץ, תכנון ופתרונות איטום בע""מ","אפריקה התחדשות עירונית בע""מ","יעוץ, תכנון ופיקוח איטום להקמת 4 בניינים בני 19 קומות ו-3 בניינים בני 8 קומות מעל חניון משותף של 4 קומות תת""ק, סה""כ 250 יח""ד בנוסף הפרויקט יכלול גגות ירוקים ושטחי מסחר כ750 מ""ר, מבני ציבור כ1000 מ""ר+ חצר מוצמדת של כ-250 מ""ר ",,Item,sites/Contracts/ProjectContractLibrary/דרך השלום - תא,דרך השלום - תא
CONT-10-1881,חוזה יועץ אקוסטיקה.docx,יועץ אקוסטיקה,2019-01-13 00:00:00,,34000,נס ציונה מחיר למשתכן,טיוטה,2019-01-13 00:00:00,2022-09-23 23:00:00,,100,,,,kooksec,,2,,,,45,,,,,,,"
א.מ. ישראל מגורים יזמות בע""מ
יוני נתניהו 1 אור יהודה
514957794
","
ע.ליבני הנדסה אקוסטית בע""מ
רחוב הפלדה 3 אור יהודה
513349738
",,נס ציונה,,,,,,,,,,"א.מ ישראל מגורים יזמות בע""מ",,"ע.ליבני הנדסה אקוסטית בע""מ",,"תכנון אקוסטי עבור 216 יח""ד כולל מרתפי חנייה הגולל תכנון ראשוני, אישור תכנון, פיקוח עליון וטופס 4",שוטף + 30,Item,sites/Contracts/ProjectContractLibrary/נס ציונה מחיר למשתכן,נס ציונה מחיר למשתכן
CONT-10-1933,חוזה יועץ אקוסטיקה.docx,יועץ אקוסטיקה,2020-08-12 00:00:00,,,אנדריוס,אושר,2016-10-12 00:00:00,2023-05-08 21:00:00,,100%,,0.3,,avic,,,חודש פברואר 2014 ,,,80,,5.00000000000000,מדד המחירים לצרכן,,,,"
אפריקה ישראל מגורים בע""מ
יוני נתניהו 1 ג' אור יהודה
מ.ז 52-003476-0
","
ע. לבני הנדסה אקוסטית בע""מ
הפלדה 7 אור יהודה
",,נתנ,8271,נת/41/5521,"אבי כהן מאפריקה ישראל מגורים בע""מ",ע. לבני,5,ע. לבני ,,,,"סביוני סיטי אנדריוס "" נתניה ","ש""ח","ע. לבני הנדסה אקוסטית בע""מ",,יעוץ ותכנון אקוסטי בפרויקט ,שוטף + 45,Item,sites/Contracts/ProjectContractLibrary/אנדריוס,אנדריוס
CONT-10-1999,חוזה יועץ אקוסטיקה.docx,יועץ אקוסטיקה,,,28000,רעננה ,טיוטה,,,מחיר קבוע/פאושלי,,,0.4,,germank,,,,,,,,,,,,,"אפריקה ישראל מגורים בע""מ
יוני נתניהו 1 ג' אור יהודה
מ.ז 52-003476-0
","מ.ג יועצים לאקוסטיקה בע""מ
השופטים 1 הרצליה
ח.פ. 51069421
",,רעננה,6585,רן/708,גרמן קגנובסקי ,אינג' שמעון גרינבוים ,,,151,,,סביוני רעננה ,"ש""ח","מ.ג יועצים לאקוסטיקה בע""מ",,150 יח''ד ומסחר על גבי חניון תת קרקעי,60 יום,Item,sites/Contracts/ProjectContractLibrary/סביוני רעננה צפון,סביוני רעננה צפון
CONT-10-2004,חוזה יועץ אקוסטיקה.docx,יועץ אקוסטיקה,,,,מורדות ארנונה,טיוטה,,,,100%,,,,,,,,,,,114.7,,מדד תשומות הבנייה לחודש 9/2020,,,,"א.מ. ישראל מגורים פיתוח בע""מ
יוני נתניהו 1 ג' אור יהודה
513313148
",,,ירושלים,,,אבי ברטי לוי,,,,,,,"א.מ. ישראל מגורים פיתוח בע""מ",,"מ.ג יועצים לאקוסטיקה בע""מ","א.מ ישראל מגורים פיתוח בע""מ",,,Item,sites/Contracts/ProjectContractLibrary/מורדות ארנונה,מורדות ארנונה
CONT-10-2102,חוזה יועץ אקוסטיקה.docx,יועץ אקוסטיקה,2021-09-16 00:00:00,,63000,,אושר,2021-07-15 00:00:00,2028-05-09 21:00:00,מחיר קבוע/פאושלי,100%,,1.1,,avic,,1,בגין,2021-07-14 00:00:00,,80,227.5844,5.00000000000000,מדד המחירים לצרכן,,,,"
אפריקה ישראל מגורים בע""מ
יוני נתניהו 1 ג' אור יהודה
מ.ז 52-003476-0
","
ע. לבני הנדסה אקוסטית בע""מ
הפלדה 7 אור יהודה
",,קרית אתא,10255    ,כ/248,"אבי כהן מחברת אפריקה ישראל מגורים בע""מ ",ע. לבני ,5,עוזי לבני ,מגרשים 57-65,,,גבעת הכלניות ( טרם ניתן שם לפרויקט ),"ש""ח","ע. לבני הנדסה אקוסטית בע""מ","אפריקה ישראל מגורים בע""מ ",יעוץ ותכנון אקוסטיקה בפרויקט ,שוטף + 45,Item,sites/Contracts/ProjectContractLibrary/גבעת הכלניות - קרית אתא,גבעת הכלניות - קרית אתא
CONT-10-2148,חוזה יועץ אקוסטיקה.docx,יועץ אקוסטיקה,2021-08-01 00:00:00,,22000,,טיוטה,2021-05-16 00:00:00,2024-11-12 20:00:00,מחיר קבוע/פאושלי,,,,,dekelr,,2,ידוע,2021-05-15 00:00:00,,40,225.5724,5.00000000000000,מדד המחירים לצרכן,,,,"
אפריקה ישראל מגורים בע""מ
יוני נתניהו 1 ג' אור יהודה
מ.ז 52-003476-0
","
ע. לבני הנדסה אקוסטית בע""מ
הפלדה 7 אור יהודה
",,נתניה,8256,נת / 556 / ב / 1,דקל רוקבן,,,,155,מגרש 1409,,נתניה - מגרש 1409,"ש""ח","ע. לבני הנדסה אקוסטית בע""מ",,יעוץ אקוסטיקה,45 יום,Item,sites/Contracts/ProjectContractLibrary/נתניה - מגרש 1409,נתניה - מגרש 1409
CONT-10-2185,חוזה יועץ אקוסטיקה.docx,יועץ אקוסטיקה,2022-04-28 00:00:00,,,נשר,טיוטה,2021-07-15 00:00:00,,מחיר קבוע/פאושלי,,,0.4,,avic,,1,בגין,2021-07-14 00:00:00,,,227.5844,5.00000000000000,מדד המחירים לצרכן,,,,"
אפריקה ישראל מגורים בע""מ
יוני נתניהו 1 ג' אור יהודה
מ.ז 52-003476-0

כלל נכסי נדלן נשר מרכז (נ.נ.נ.מ) שותפות מוגבלת
מרכז עזריאלי בניין משולש 3, תל אביב
540283033

שיכון ובינוי נדל""ן בע""מ
שלם 3 רמת גן 52215
מ.ז 52-002117-1
","
ע. לבני הנדסה אקוסטית בע""מ
הפלדה 7 אור יהודה
",,נשר,חלקה 1 בגוש 11170 וכן חלק מחלקה 1 בגוש 11118,355-0359364 ( מכ/866 ),"אבי כהן מחברת אפריקה ישראל מגורים בע""מ ",שרון בן עמי,8,שרון בן עמי ,,,,אגמי הכרמל ,"ש""ח","ע. לבני הנדסה אקוסטית בע""מ",,יעות אקוסטיקה,שוטף + 60,Item,sites/Contracts/ProjectContractLibrary/נשר,נשר
CONT-10-2269,חוזה יועץ אקוסטיקה.docx,יועץ אקוסטיקה,,,420000,רמת שרת שלב ב,טיוטה,,,מחיר קבוע/פאושלי,,,,,kooksec,,2,,,,,,5.00000000000000,מדד המחירים לצרכן,,,,"פ.א פיתוח ובנייה בירושלים בע""מ
יוני נתניהו 1 ג' אור יהודה ת.ד 715
513958009","
ע.ליבני הנדסה אקוסטית בע""מ
רח' הפלדה 3 אור יהודה
513349738
",,ירושלים,,,אבי ברטי לוי,,,,,,,"פ.א פיתוח ובנייה בירושלים בע""מ","דולר (דולר ארה""ב)","ע.ליבני הנדסה אקוסטית בע""מ",,"תכנון ופיקוח עליון על פרויקט מגורים הכולל מסחר וחניונים הכולל 2 מגדלי מגורים בני 19 קומות כ""א בסך: 278 יח""ד ומסחר כ2000 מ""ר בקומת קרקע וחניון תת""ק של כ-22,300 מ""ר",45 יום,Item,sites/Contracts/ProjectContractLibrary/רמת שרת שלב ב,רמת שרת שלב ב
CONT-10-2318,חוזה יועץ אקוסטיקה.docx,יועץ אקוסטיקה,,,,,טיוטה,,,,50%,,,,kooksec,,,,,,,,,,,,,"
ביתא רוטשילד בע""מ
יוני נתניהו 1 ג' אור יהודה ת.ד 715
515851194
","
א.עדי אקוסטיקה בע""מ
האומן 17 חדרה
515357937
",,חיפה,,,,,,,,,,,,"א.עדי אקוסטיקה בע""מ",,,,Item,sites/Contracts/ProjectContractLibrary/רוטשילד חיפה,רוטשילד חיפה
CONT-10-2362,חוזה יועץ אקוסטיקה.docx,יועץ אקוסטיקה,,,34000,הכוזרי הרצליה,טיוטה,2022-01-02 00:00:00,2027-02-16 22:00:00,מחיר קבוע/פאושלי,50%,,,,meryle,,1,בגין,2022-01-01 00:00:00,,60,229.82,5.00000000000000,מדד המחירים לצרכן,,,,"
אפריקה התחדשות עירונית בע""מ
רח' יוני נתניהו 1, אור יהודה
514639525

מצלאוי חברה לבנין בע""מ
דרך רפאל איתן 1, קרית אונו
512726712
","
מ.ג. יועצים לאקוסטיקה בע""מ
ח.פ. 510969421
רח' השופטים 1, ת.ד. 5212, הרצליה 4644708

",,הרצליה,6538,504-0138628,מרול אטמן,שמעון גרינבאום,,שמעון גרינבאום,420-423,,,הכוזרי,"ש""ח","מ.ג. יועצים לאקוסטיקה בע""מ",,ייעוץ א,60 יום,Item,sites/Contracts/ProjectContractLibrary/הכוזרי - הרצליה,הכוזרי - הרצליה
CONT-10-2473,חוזה יועץ אקוסטיקה.docx,יועץ אקוסטיקה,,,,,טיוטה,,,מחיר קבוע/פאושלי,100,,,,kooksec,,1,,,,,,5.00000000000000,מדד המחירים לצרכן,,,,"
אפריקה התחדשות עירונית בע""מ
יוני נתניהו 1 ג' אור יהודה
514639525
","
ע.ליבני הנדסה אקוסטית בע""מ
יצחק רבין 1 פתח תקווה
513349738
",,תל אביב-יפו,,,,,,,,,,דרך השלום 71-75,"ש""ח","ע.ליבני הנדסה אקוסטית בע""מ","אפריקה התחדשות עירונית בע""מ",,שוטף + 45,Item,sites/Contracts/ProjectContractLibrary/דרך השלום - תא,דרך השלום - תא
CONT-10-1900,חוזה יועץ בטיחות.docx,יועץ בטיחות ,,,65000,סביוני רעננה צפון,טיוטה,2020-01-01 00:00:00,,מחיר קבוע/פאושלי,,,0.6,,germank,,2,ידוע,2019-12-31 00:00:00,,,224.6748,5.00000000000000,מדד המחירים לצרכן,,,,"
אפריקה ישראל מגורים בע""מ
יוני נתניהו 1 ג' אור יהודה
מ.ז 52-003476-0
","
יוסי פניני מהנדסים בע''מ
רח' בעלי מלאכה 26, חיפה ת.ד. 484 נשר, מיקוד 20300
513276188
",,רעננה, 6578,רע/708,גרמן קגנובסקי,יוסי פניני,,יוסי פניני,151,,,סביוני  רעננה  צפון,"ש""ח",יוסי פניני מהנדסים בע''מ,"אפריקה ישראל מגורים בע""מ",הקמה 150 יח''ד ומסחר,שוטף + 30,Item,sites/Contracts/ProjectContractLibrary/סביוני רעננה צפון,סביוני רעננה צפון
CONT-10-1930,חוזה יועץ בטיחות.docx,יועץ בטיחות ,,,,פרויקט ניסיון,טיוטה,,,,,,,,einave,,,,,,,,,,,,,,,,גבעת שמואל,,,,,,,,,,ניסיון,,,,,,Item,sites/Contracts/ProjectContractLibrary/פרויקט ניסיון,פרויקט ניסיון
CONT-10-2003,חוזה יועץ בטיחות.docx,יועץ בטיחות ,,,,מורדות ארנונה,טיוטה,,,,100%,,,,,,,,,,,,,,,,,"א.מ. ישראל מגורים פיתוח בע""מ
יוני נתניהו 1 ג' אור יהודה
513313148","אלי כחלון הנדסת בטיחות אש בע""מ
רחוב הנדיב 71 ק.1 הרצליה
513316976",,ירושלים,,, אבי ברטי לוי,רמי לוי,,,,,,"א.מ. ישראל מגורים פיתוח בע""מ",,"   אלי כחלון הנדסת בטיחות אש בע""מ","א.מ. ישראל מגורים פיתוח בע""מ",,,Item,sites/Contracts/ProjectContractLibrary/מורדות ארנונה,מורדות ארנונה
CONT-10-2101,חוזה יועץ בטיחות.docx,יועץ בטיחות ,2021-09-16 00:00:00,,,גבעת הכלניות,ממתין,2021-06-18 00:00:00,2028-03-14 20:00:00,מחיר קבוע/פאושלי,100%,2,0.4,,avic,,1,בגין,2021-06-17 00:00:00,,80,227.5844,5.00000000000000,מדד המחירים לצרכן,,,,"
אפריקה ישראל מגורים בע""מ
יוני נתניהו 1 ג' אור יהודה
מ.ז 52-003476-0
","
נפתלי רונן -אדריכל, יועץ בטיחות בע""מ
רח' גאולה 48 , חיפה 

",,קרית אתא,10255   מגרשים 57-65   ,כ/248,"  אבי כהן מחברת אפריקה ישראל מגורים בע""מ ",נפתלי רונן ,5,נפתלי רונן ,מגרשים 57-65,,,גבעת הכלניות ( טרם ניתן שם לפרויקט ),"ש""ח","נפתלי רונן -אדריכל, יועץ בטיחות בע""מ",,יעוץ ותכנון בטיחות בפרוקיט ,שוטף + 45,Item,sites/Contracts/ProjectContractLibrary/גבעת הכלניות - קרית אתא,גבעת הכלניות - קרית אתא
CONT-10-2140,חוזה יועץ בטיחות.docx,יועץ בטיחות ,2021-01-01 00:00:00,,37170,,טיוטה,2020-12-16 00:00:00,2024-07-13 21:00:00,מחיר קבוע/פאושלי,,,,,dekelr,,2,ידוע,2020-12-15 00:00:00,,40,223.3374,5.00000000000000,מדד המחירים לצרכן,,,,"
אפריקה ישראל מגורים בע""מ
יוני נתניהו 1 ג' אור יהודה
מ.ז 52-003476-0
","
על בטוח בע""מ

",,נתניה,8256,נת / 556 / ב / 1,דקל רוקבן,,,,155,מגרש 1409,,נתניה - מגרש 1409,"ש""ח","על בטוח בע""מ",,יעוץ בטיחות,45 יום,Item,sites/Contracts/ProjectContractLibrary/נתניה - מגרש 1409,נתניה - מגרש 1409
CONT-10-2171,חוזה יועץ בטיחות.docx,יועץ בטיחות ,2022-03-30 00:00:00,,,נשר,טיוטה,2022-03-14 00:00:00,,מחיר קבוע/פאושלי,,,0.2,,avic,,2,ידוע,2022-02-04 00:00:00,,,229.82,5.00000000000000,מדד המחירים לצרכן,,,,"
אפריקה ישראל מגורים בע""מ
יוני נתניהו 1 ג' אור יהודה
מ.ז 52-003476-0

שיכון ובינוי נדל""ן בע""מ
שלם 3 רמת גן 52215
מ.ז 52-002117-1

כלל נכסי נדלן נשר מרכז (נ.נ.נ.מ) שותפות מוגבלת
מרכז עזריאלי בניין משולש 3, תל אביב
540283033
","
טוכמן מהנדסים ויועצים בע""מ
כט בנובמבר 20 זיכרון יעקב

",,נשר,חלקה 1 בגוש 11170 וכן חלק מחלקה 1 בגוש 11118,355-0359364 ( מכ/866 ),"אבי כהן מחברת אפריקה ישראל מגורים בע""מ ",אילן טוכמן,3,טוכמן ,חלקה 1 בגוש 11170 וחלק מחל' 1 בגוש 11118,,,פרוייקט אגמי הכרמל ,"ש""ח","טוכמן מהנדסים ויועצים בע""מ",,יועץ בטיחות ,שוטף + 60,Item,sites/Contracts/ProjectContractLibrary/נשר,נשר
CONT-10-2180,חוזה יועץ בטיחות.docx,יועץ בטיחות ,,,,רמת שרת – מתחם דרומי,טיוטה,,,,50%,,,,,,,,,,,,,,,,,"פ.א פיתוח ובנייה בירושלים בע""מ 
רח' יוני נתניהו 1 ג' אור יהודה ת.ד 715
513958009","טוכמן מהנדסי ויועצים בע""מ
ת.ד. 615 זכרון יעקב
513822296",,ירושלים,,, אבי ברטי לוי,אילן טוכמן,,,,,,"פ.א פיתוח ובנייה בירושלים בע""מ",,"טוכמן מהנדסים ויועצים בע""מ","פ.א פיתוח ובנייה בירושלים בע""מ",,,Item,sites/Contracts/ProjectContractLibrary/רמת שרת שלב ב,רמת שרת שלב ב
CONT-10-2320,חוזה יועץ בטיחות.docx,יועץ בטיחות ,,,,,טיוטה,,,,50%,,,,kooksec,,,,,,,,,,,,,"
ביתא רוטשילד בע""מ
יוני נתניהו 1 ג' אור יהודה ת.ד 715
515851194
","
לבטח הנדסה ובטיחות בע""מ
פרופ' אברהם פצורניק 5 נס ציונה
513677021
",,חיפה,,,,,,,,,,,,"לבטח הנדסה ובטיחות בע""מ",,,,Item,sites/Contracts/ProjectContractLibrary/רוטשילד חיפה,רוטשילד חיפה
CONT-10-2356,חוזה יועץ בטיחות.docx,יועץ בטיחות ,,,75400,הכוזרי הרצליה,טיוטה,2022-01-16 00:00:00,2027-02-16 22:00:00,מחיר קבוע/פאושלי,50%,,0.1,,meryle,,1,בגין,2022-01-15 00:00:00,,60,229.82,5.00000000000000,מדד המחירים לצרכן,,,,"
אפריקה התחדשות עירונית בע""מ
יהונתן נתניהו 1, אור יהודה
514639525

מצלאוי חברה לבנין בע""מ
דרך רפאל איתן 1, קרית אונו
512726712
","
אלי כחלון הנדסת בטיחות אש בע""מ
רח' הנדיב 71, הרצליה

",,הרצליה,6538,504-0138628,מרול אטמן,אלי כחלון,,אלי כחלון,420-423,,,הכוזרי,"ש""ח","אלי כחלון הנדסת בטיחות אש בע""מ",,ייעוץ בטיחות והגנה נגד אש,60 יום,Item,sites/Contracts/ProjectContractLibrary/הכוזרי - הרצליה,הכוזרי - הרצליה
CONT-10-2475,חוזה יועץ בטיחות.docx,יועץ בטיחות ,,,139080,,טיוטה,,,מחיר קבוע/פאושלי,100%,,,,kooksec,,1,,,,,,5.00000000000000,מדד המחירים לצרכן,,,,"
אפריקה התחדשות עירונית בע""מ
יוני נתניהו 1ג אור יהודה ת.ד 715
514639525
","
י.ש. אש ועשן בע""מ

5161478373
",,תל אביב-יפו,,,,,,,,,,דרך השלום 71-75,"ש""ח","י.ש. אש ועשן בע""מ","אפריקה התחדשות עירונית בע""מ",,שוטף + 45,Item,sites/Contracts/ProjectContractLibrary/דרך השלום - תא,דרך השלום - תא
CONT-10-2159,חוזה יועץ בידוד תרמי לוקח מכאן לירוק אנני גלר אביב.docx,יועץ בידוד תרמי,,,,,טיוטה,,,,,,,,avic,,,,,,,,,,,,,,,,,,,,,,,,,,,,,,,,Item,sites/Contracts/ProjectContractLibrary/גבעת הכלניות - קרית אתא,גבעת הכלניות - קרית אתא
CONT-10-2198,חוזה יועץ בידוד תרמי.docx,יועץ בידוד תרמי,,,,נשר,טיוטה,,,,,,,,avic,,,,,,,,,,,,,,,,נשר,,,,,,,,,,אגמי הכרמל ,,,,,,Item,sites/Contracts/ProjectContractLibrary/נשר,נשר
CONT-10-1869,חוזה יועץ ביסוס וקרקע.docx,ייעוץ ביסוס קרקע,,,,,טיוטה,,,,100%,,,,kooksec,,,,,,,,,,,,,"
א.מ. ישראל מגורים יזמות בע""מ
יוני נתניהו 1 אור יהודה
514957794
","מגנזי הנדסת קרקע בע""מ
              יפת 30, ת""א
              515490019",,נס ציונה,,,גבריאל מגנזי,גבריאל מגנזי,,גבריאל מגנזי,,,,"א.מ ישראל מגורים יזמות בע""מ",,"מגנזי הנדסת קרקע בע""מ",,,,Item,sites/Contracts/ProjectContractLibrary/נס ציונה מחיר למשתכן,נס ציונה מחיר למשתכן
CONT-10-1898,חוזה יועץ ביסוס וקרקע.docx,ייעוץ ביסוס קרקע,,,22500,סביוני רעננה צפון,טיוטה,,,מחיר קבוע/פאושלי,,,0.3,,germank,,,,,,,,,,,,,"אפריקה-ישראל מגורים בע''מ, מ.ח. 520034760
רח' יהונתן נתניהו 7 1ג', אור יהודה","
בס''ד זליו דיאנדי בע''מ - יעוץ קרקע ומבנים
הערבה 1 גבעת שמואל
515552347
",,רעננה,גוש 6578 חלקה 151,רע/708,זליו דיאמנדי,,,,,,,סביוני  רעננה  צפון,"ש""ח",בס''ד זליו דיאנדי בע''מ - יעוץ קרקע ומבנים,"אפריקה ישראל מגורים בע""מ",ייעוץ בתחום הנדסת קרקע,,Item,sites/Contracts/ProjectContractLibrary/סביוני רעננה צפון,סביוני רעננה צפון
CONT-10-2049,חוזה יועץ ביסוס קרקע.docx,יועץ ביסוס קרקע,,,,מורדות ארנונה,טיוטה,,,,100%,,,,,,,,,,,,,,,,,"  א.מ. ישראל מגורים פיתוח בע""מ
 יוני נתניהו 1 ג' אור יהודה
513313148      
","אגסי רימון ניהול השקעות בע""מ
זעירא 1 משמר השבעה ת.ד. 264
515307569",,ירושלים,,,אבי ברטי לוי,,,,,,,"א.מ. ישראל מגורים פיתוח בע""מ",," אגסי רימון ניהול השקעות בע""מ","א.מ ישראל מגורים פיתוח בע""מ",,,Item,sites/Contracts/ProjectContractLibrary/מורדות ארנונה,מורדות ארנונה
CONT-10-2098,חוזה יועץ ביסוס קרקע.docx,יועץ ביסוס קרקע,2021-09-16 00:00:00,,,גבעת הכלניות,אושר,2020-02-13 00:00:00,2029-01-01 20:00:00,מחיר קבוע/פאושלי,100%,,0.4,,avic,,1,בגין,2020-02-12 00:00:00,,90,223.5603,5.00000000000000,מדד המחירים לצרכן,,,,"
אפריקה ישראל מגורים בע""מ
יוני נתניהו 1 ג' אור יהודה
מ.ז 52-003476-0
","
קלר ישראל-יעוץ בע""מ
ת.ד. 28/800 קרית אתא
",,קרית אתא,10255       ,כ/248,"אבי כהן מחברת אפריקה ישראל מגורים בע""מ ",ישראל קלר ,5,משה ,מגרשים 57-65,,,גבעת הכלניות ( שם זמני ),"ש""ח","קלר ישראל-יעוץ בע""מ",,תכנון ויעוץ לקרקע וביסוס למבנים מרתפים ופיתוח צמוד ,שוטף + 45,Item,sites/Contracts/ProjectContractLibrary/גבעת הכלניות - קרית אתא,גבעת הכלניות - קרית אתא
CONT-10-2144,חוזה יועץ ביסוס קרקע.docx,יועץ ביסוס קרקע,2021-06-01 00:00:00,,20160,,טיוטה,2021-05-16 00:00:00,2023-05-21 21:00:00,מחיר קבוע/פאושלי,,,,,dekelr,,2,ידוע,2021-05-15 00:00:00,,24,225.5724,5.00000000000000,מדד המחירים לצרכן,,,,"
אפריקה ישראל מגורים בע""מ
יוני נתניהו 1 ג' אור יהודה
מ.ז 52-003476-0
","
אינג' זליו דיאמנדי
אביבים 1 רמת גן
",,נתניה,8256,נת / 556 / ב / 1,דקל רוקבן,,,,155,מגרש 1409,,נתניה - מגרש 1409,"ש""ח",אינג' זליו דיאמנדי,,יעוץ ביסוס,45 יום,Item,sites/Contracts/ProjectContractLibrary/נתניה - מגרש 1409,נתניה - מגרש 1409
CONT-10-2160,חוזה יועץ ביסוס קרקע.docx,יועץ ביסוס קרקע,,,,רמת שרת שלב ב' ,טיוטה,,,,50%,,,,,,,,,,,,,,,,,"פ.א פיתוח ובנייה בירושלים בע""מ",זליו דיאמנדי,,ירושלים,,,אבי ברטי לוי,זליו דיאמנדי,,,,,,"פ.א פיתוח ובנייה בירושלים בע""מ",,זליו דיאמנדי,"פ.א פיתוח ובנייה בירושלים בע""מ",,,Item,sites/Contracts/ProjectContractLibrary/רמת שרת שלב ב,רמת שרת שלב ב
CONT-10-2373,חוזה יועץ ביסוס קרקע.docx,יועץ ביסוס קרקע,,,41020,הכוזרי הרצליה,טיוטה,2022-03-28 01:00:00,2027-02-28 20:00:00,מחיר קבוע/פאושלי,50%,,0.3,,meryle,,2,ידוע,2022-03-27 00:00:00,,60,,7.00000000000000,מדד נומינלי,,,,"
אפריקה התחדשות עירונית בע""מ
יוני נתניהו 1, אור יהודה
514639525

מצלאוי חברה לבנין בע""מ
דרך רפאל איתן 1, קרית אונו
512726712
","
בלנק לרר בר
בן גוריון 1א, בני ברק

",,הרצליה,6538,504-0138628,מרול אטמן,סשה בר,,סשה בר,420-423,,,הכוזרי,"ש""ח",בלנק לרר בר,,י,60 יום,Item,sites/Contracts/ProjectContractLibrary/הכוזרי - הרצליה,הכוזרי - הרצליה
CONT-10-2157,חוזה יועץ בניה ירוקה ויעוץ תרמי.docx,יועץ בניה ירוקה,2022-02-10 00:00:00,,144000,גבעת הכלניות,ממתין,2021-10-14 00:00:00,2026-06-18 21:00:00,מחיר קבוע/פאושלי,100%,,0.4,,avic,,1,בגין,2021-10-13 00:00:00,,60,,5.00000000000000,מדד המחירים לצרכן,,,,"
אפריקה ישראל מגורים בע""מ
יוני נתניהו 1 ג' אור יהודה
מ.ז 52-003476-0
",,,קרית אתא,10255      ,כ/248,"אבי כהן מחברת אפריקה ישראל מגורים בע""מ ",אנני גלר ,5,אנני גלר,מגרשים 57-65,,,גבעת הכלניות ( טרם ניתן שם לפרויקט ),"ש""ח","אביב ניהול הנדסה ומערכות מידע בע""מ ","אפריקה ישראל מגורים בע""מ ",יועץ ירוק ותרמי  ,שוטף + 45,Item,sites/Contracts/ProjectContractLibrary/גבעת הכלניות - קרית אתא,גבעת הכלניות - קרית אתא
CONT-10-2197,חוזה יועץ בניה ירוקה ותרמי.docx,יועץ בניה ירוקה,2022-07-13 00:00:00,,,נשר,אושר,2022-01-20 00:00:00,,מחיר קבוע/פאושלי,,,0.1,,avic,,1,בגין,2022-01-19 00:00:00,,,231.3849,5.00000000000000,מדד המחירים לצרכן,,,,"
אפריקה ישראל מגורים בע""מ
יוני נתניהו 1 ג' אור יהודה
מ.ז 52-003476-0

כלל נכסי נדלן נשר מרכז (נ.נ.נ.מ) שותפות מוגבלת
מרכז עזריאלי בניין משולש 3, תל אביב
540283033

שיכון ובינוי נדל""ן בע""מ
שלם 3 רמת גן 52215
מ.ז 52-002117-1
","
אביב ניהול, הנדסה ומערכות מידע בע""מ

",,נשר,חלקה 1 בגוש 11170 וכן חלק מחלקה 1 בגוש 11118,355-0359364 ( מכ/866 ),"אבי כהן מחברת אפריקה ישראל מגורים בע""מ ",אנני גלר ,4,אנני גלר,חלקה 1 בגוש 11170 וחלק מחל' 1 בגוש 11118,,,אגמי הכרמל ,"ש""ח","אביב ניהול, הנדסה ומערכות מידע בע""מ",,יעוץ תרמי וירוק לפרויקט,שוטף + 60,Item,sites/Contracts/ProjectContractLibrary/נשר,נשר
CONT-10-1920,חוזה יועץ בניה ירוקה.docx,יועץ בניה ירוקה,2019-01-28 00:00:00,,43200,נס ציונה מחיר למשתכן,טיוטה,2019-01-28 00:00:00,2021-01-16 22:00:00,מחיר קבוע/פאושלי,100,,,,kooksec,,2,,,,24,,11.0000000000000,שקל חדש,,,,"
א.מ. ישראל מגורים יזמות בע""מ
יוני נתניהו 1 אור יהודה
514957794
","
סלע יעוץ סביבתי ויעוץ לבניה ירוקה
השיר 12א כרכור
033233446
",,נס ציונה,,,אבי ברטי לוי,יפעת סלע דדון,,,,,,"א.מ ישראל מגורים יזמות בע""מ","ש""ח",סלע יעוץ סביבתי ויעוץ לבניה ירוקה,,"תכנון כולל יעוץ תרמי של יח""ד ב-6 מבנים, מגרשים: 30,31,32",שוטף + 45,Item,sites/Contracts/ProjectContractLibrary/נס ציונה מחיר למשתכן,נס ציונה מחיר למשתכן
CONT-10-1964,חוזה יועץ בניה ירוקה.docx,יועץ בניה ירוקה,,,100000,סביוני רעננה צפון,טיוטה,,,מחיר קבוע/פאושלי,,,0.2,,germank,,,,,,,,,,,,,"
אפריקה ישראל מגורים בע""מ
יוני נתניהו 1 ג' אור יהודה
מ.ז 52-003476-0
","
ESD פיתוח סביבה וקיימות בע''מ
גיבורי ישראל 10א' ת.ד.8800 א.ת. דרומי( פולג) נתניה 42504
514424258
",,רעננה,6578,רע/708,גרמן קגנובסקי ,,,,151,,,הקמה 150 יח''ד ומסחר על גבי החניון תת קרקעי,"ש""ח",ESD פיתוח סביבה וקיימות בע''מ,,הקמה 150 יח''ד ומסחר על גבי חניון משותף,60 יום,Item,sites/Contracts/ProjectContractLibrary/סביוני רעננה צפון,סביוני רעננה צפון
CONT-10-2001,חוזה יועץ בניה ירוקה.docx,יועץ בניה ירוקה,,,,מורדות ארנונה,טיוטה,,,,,,,,,,,,,,,,,,,,,"א.מ. ישראל מגורים פיתוח בע""מ
יוני נתניהו 1 ג' אור יהודה
513313148
",,,,,,,,,,,,,"א.מ. ישראל מגורים פיתוח בע""מ ",,סלע ירוק וחכם בבניה ובעסקים,,,,Item,sites/Contracts/ProjectContractLibrary/מורדות ארנונה,מורדות ארנונה
CONT-10-2150,חוזה יועץ בניה ירוקה.docx,יועץ בניה ירוקה,2021-07-01 00:00:00,,71900,,טיוטה,2021-06-16 00:00:00,2024-10-12 21:00:00,מחיר קבוע/פאושלי,,,,,dekelr,,2,ידוע,2021-06-15 00:00:00,,40,226.4666,5.00000000000000,מדד המחירים לצרכן,,,,"
אפריקה ישראל מגורים בע""מ
יוני נתניהו 1 ג' אור יהודה
מ.ז 52-003476-0
","
קיימות ושפ""ע בע""מ
המסגר 52, תל אביב

",,נתניה,8256,נת / 556 / ב / 1,דקל רוקבן,,,,155,מגרש 1409,,נתניה - מגרש 1409,"ש""ח","קיימות ושפ""ע בע""מ",,יעוץ בניה ירוקה,45 יום,Item,sites/Contracts/ProjectContractLibrary/נתניה - מגרש 1409,נתניה - מגרש 1409
CONT-10-2178,חוזה יועץ בניה ירוקה.docx,"יועץ בניה ירוקה, סביבה ותברואה",,,,רמת שרת מתחם דרומי,טיוטה,,,,50%,,,,,,,,,,,,,,,,,"פ.א פיתוח ובנייה בירושלים בע""מ
יוני נתניהו 1ג' אור יהודה ת.ד 715
513958009
","אגוטי איכות סביבה
              ת.ד 354 בית שמש
              033435868",,ירושלים,,,אבי ברטי לוי,אלון טופצ'יק,,אלון טופצ'יק,,,,"פ.א פיתוח ובנייה בירושלים בע""מ",,אגוטי איכות סביבה,"פ.א פיתוח ובנייה בירושלים בע""מ",,,Item,sites/Contracts/ProjectContractLibrary/רמת שרת שלב ב,רמת שרת שלב ב
CONT-10-2319,חוזה יועץ בניה ירוקה.docx,יועץ בניה ירוקה,,,,,טיוטה,,,,50%,,,,kooksec,,,,,,,,,,,,,"
ביתא רוטשילד בע""מ
יוני נתניהו 1 ג' אור יהודה ת.ד 715
515851194
","
יוזמות למען סביבה והקהילה בע""מ
שונצינו 16 ת""א
512806886
",,חיפה,,,,,,,,,,,,"יוזמות למען סביבה והקהילה בע""מ",,,,Item,sites/Contracts/ProjectContractLibrary/רוטשילד חיפה,רוטשילד חיפה
CONT-10-2382,חוזה יועץ בניה ירוקה.docx,יועץ בניה ירוקה,,,18000,אופיס אזור,טיוטה,,,מחיר קבוע/פאושלי,100%,,,,kooksec,,2,,,,,,5.00000000000000,מדד המחירים לצרכן,,,,"
אפריקה ישראל מגורים בע""מ
יוני נתניהו 1 ג' אור יהודה
מ.ז 52-003476-0
","
יוזמות למען סביבה והקהילה בע""מ
נתן ילין מור 6, תל אביב
512806886
",,אזור,6001,554-0905372,,,,,"115,142, 140",,,מתחם אזור,"ש""ח","יוזמות למען סביבה והקהילה בע""מ",,"פרויקט מגורים בעירוב שימושים הכולל 443 יח""ד ב6",שוטף + 45,Item,sites/Contracts/ProjectContractLibrary/אופיס - אזור,אופיס - אזור
CONT-10-1939,חוזה יועץ מיגון ומקלוט.docx,חוזה מיגון ומיקלוט,2019-02-14 00:00:00,,19440,נס ציונה מחיר למשתכן,טיוטה,2019-02-20 00:00:00,2021-02-02 22:00:00,מחיר קבוע/פאושלי,100,,,,kooksec,,2,,2019-02-19 00:00:00,,24,,5.00000000000000,מדד המחירים לצרכן,,,,"
א.מ. ישראל מגורים יזמות בע""מ
יוני נתניהו 1 אור יהודה
514957794
","צדדים נוספים
מרחב מוגן
דיזינגוף 20 ת.ד 1808 נתניה
514475201
",,נס ציונה,3642,,אבי ברטי לוי,רמי לוי,,,,,,"א.מ ישראל מגורים יזמות בע""מ","ש""ח",מרחב מוגן,,,שוטף + 45,Item,sites/Contracts/ProjectContractLibrary/נס ציונה מחיר למשתכן,נס ציונה מחיר למשתכן
CONT-10-2093,חוזה יועץ נגישות.docx,יועץ נגישות,,,,נס ציונה,טיוטה,,,,100%,,,,,,,,,,,,,,,,,"א.מ. ישראל מגורים יזמות בע""מ
יוני נתניהו 1 אור יהודה
514957794
","
דני פריגת אדריכלות ונגישות
רח' מיצרי טירן 3 ירושלים
",,נס ציונה,,,אבי ברטי לוי,רמי פריגת,,רמי פריגת,,,,"א.מ ישראל מגורים יזמות בע""מ
",,דני פריגת אדריכלות ונגישות,"א.מ ישראל מגורים יזמות בע""מ",,,Item,sites/Contracts/ProjectContractLibrary/נס ציונה מחיר למשתכן,נס ציונה מחיר למשתכן
CONT-10-2103,חוזה יועץ נגישות.docx,יועץ נגישות,2021-10-07 00:00:00,,,גבעת הכלניות,טיוטה,2021-09-08 00:00:00,2028-04-03 21:00:00,מחיר קבוע/פאושלי,,,,,avic,,,,,,80,,5.00000000000000,מדד המחירים לצרכן,,,,,,,קרית אתא,10255  מג  57-65,כ/248,"אבי כהן מחברת אפריקה ישראל מגורים בע""מ ",,3,,,,,גבעת הכלניות ( טרם ניתן שם לפרויקט ),"ש""ח",,,יועץ נגישות בפרוייקט ,שוטף + 45,Item,sites/Contracts/ProjectContractLibrary/גבעת הכלניות - קרית אתא,גבעת הכלניות - קרית אתא
CONT-10-2143,חוזה יועץ נגישות.docx,יועץ נגישות,2021-01-01 00:00:00,,21420,,טיוטה,2020-12-16 00:00:00,2024-07-13 21:00:00,מחיר קבוע/פאושלי,,,,,dekelr,,2,ידוע,2020-12-15 00:00:00,,40,223.3374,5.00000000000000,מדד המחירים לצרכן,,,,"
אפריקה ישראל מגורים בע""מ
יוני נתניהו 1 ג' אור יהודה
מ.ז 52-003476-0
","
על בטוח בע""מ
העבודה 11, ראש העין

",,נתניה,8256,נת / 556 / ב / 1,דקל רוקבן,,,,155,מגרש 1409,,נתניה - מגרש 1409,"ש""ח","על בטוח בע""מ",,יעוץ נגישות,45 יום,Item,sites/Contracts/ProjectContractLibrary/נתניה - מגרש 1409,נתניה - מגרש 1409
CONT-10-2152,חוזה יועץ נגישות.docx,יועץ נגישות,,,,מורדות ארנונה,טיוטה,,,,100%,,,,,,,,,,,,,,,,,"א.מ. ישראל מגורים פיתוח בע""מ
יוני נתניהו 1 ג' אור יהודה
513313148      ","אירנה רובין אדריכלית ומורשת נגישות
            ת.ד 10587 ירושלים
            ע.מ 015317506
",,ירושלים,,,אבי ברטי לוי,אירנה רובין,,אירנה רובין,,,,"א.מ. ישראל מגורים פיתוח בע""מ",,אירנה רובין אדריכלית ומורשת נגישות,,,,Item,sites/Contracts/ProjectContractLibrary/מורדות ארנונה,מורדות ארנונה
CONT-10-2173,חוזה יועץ נגישות.docx,יועץ נגישות,2022-04-13 00:00:00,,,נשר,טיוטה,2022-02-17 00:00:00,,מחיר קבוע/פאושלי,,,0.5,,avic,,2,ידוע,2022-02-16 00:00:00,,,231.3849,5.00000000000000,מדד המחירים לצרכן,,,,"
שיכון ובינוי נדל""ן בע""מ
שלם 3 רמת גן 52215
מ.ז 52-002117-1

אפריקה ישראל מגורים בע""מ
יוני נתניהו 1 ג' אור יהודה
מ.ז 52-003476-0

כלל נכסי נדלן נשר מרכז (נ.נ.נ.מ) שותפות מוגבלת
מרכז עזריאלי בניין משולש 3, תל אביב
540283033
","
   ליבנד יצחק אדריכל
ת.ד.  18243   תל-אביב 
",,נשר,חלקה 1 בגוש 11170 וכן חלק מחלקה 1 בגוש 11118,355-0359364 ( מכ/866 ),"אבי כהן מחברת אפריקה ישראל מגורים בע""מ ",,4,,חלקה 1 בגוש 11170 וחלק מחל' 1 בגוש 11118,,,אגמי הכרמל ,"ש""ח",ליבנד יצחק אדריכל,,יועץ נגישות בפרוייקט ,שוטף + 45,Item,sites/Contracts/ProjectContractLibrary/נשר,נשר
CONT-10-2244,חוזה יועץ נגישות.docx,יועץ נגישות,2022-02-06 00:00:00,,14742,רמת שרת שלב ב,טיוטה,2022-02-06 00:00:00,,מחיר קבוע/פאושלי,50%,,,,kooksec,,2,,,,36,,9.00000000000000,מדד תשומות הבניה,,,,"פ.א פיתוח ובנייה בירושלים בע""מ
יוני נתניהו 1 ג' אור יהודה 
513958009","ערן סויקה הנדסה ונגישות בע""מ
 ת.ד 52, עפולה
514919323",,ירושלים,,,אבי ברטי לוי,ערן סויקה,,ערן סויקה,,,,"פ.א פיתוח ובנייה בירושלים בע""מ","ש""ח","ערן סויקה הנדסה ונגישות בע""מ",,"תכנון הכנות למ""א דירתי (מיני מרכזי) פרויקט מגורים הכולל מסחר וחניונים הכולל 2 מגדלי מגורים בני 19 קומות כ""א בסך: 278 יח""ד ומסחר כ2000 מ""ר בקומת קרקע וחניון תת""ק של כ-22,300 מ""ר",45 יום,Item,sites/Contracts/ProjectContractLibrary/רמת שרת/דרומי,רמת שרת
CONT-10-2248,חוזה יועץ נגישות.docx,יועץ נגישות,2022-02-06 00:00:00,,14742,רמת שרת שלב ב,טיוטה,2022-02-06 00:00:00,,מחיר קבוע/פאושלי,50%,,,,kooksec,,2,,,,36,,9.00000000000000,מדד תשומות הבניה,,,,"פ.א פיתוח ובנייה בירושלים בע""מ
יוני נתניהו 1 ג' אור יהודה 
513958009","ערן סויקה הנדסה ונגישות בע""מ
 ת.ד 52, עפולה
514919323",,ירושלים,,,אבי ברטי לוי,ערן סויקה,,ערן סויקה,,,,"פ.א פיתוח ובנייה בירושלים בע""מ","ש""ח","ערן סויקה הנדסה ונגישות בע""מ",,"תכנון הכנות למ""א דירתי (מיני מרכזי) פרויקט מגורים הכולל מסחר וחניונים הכולל 2 מגדלי מגורים בני 19 קומות כ""א בסך: 278 יח""ד ומסחר כ2000 מ""ר בקומת קרקע וחניון תת""ק של כ-22,300 מ""ר",45 יום,Item,sites/Contracts/ProjectContractLibrary/רמת שרת שלב ב,רמת שרת שלב ב
CONT-10-2316,חוזה יועץ נגישות.docx,יועץ נגישות,,,,,טיוטה,,,,50%,,,,kooksec,,,,,,,,,,,,,"
ביתא רוטשילד בע""מ

515851194
","
לבטח הנדסה ובטיחות בע""מ
פרופ' אברהם פצורניק 5 נס ציונה
513677021
",,חיפה,,,,,,,,,,,,"לבטח הנדסה ובטיחות בע""מ",,,,Item,sites/Contracts/ProjectContractLibrary/רוטשילד חיפה,רוטשילד חיפה
CONT-10-2420,חוזה יועץ ניהול ואחזקת מבנים.docx,,2025-01-14 10:32:30,,,אפריקה ישראל,טיוטה,,,,,,,,,,,,2025-01-14 10:32:30,,,,,,,,,,,,,,,,,,,,,,,,,,,,Item,sites/Contracts/ProjectContractLibrary/מורדות ארנונה,מורדות ארנונה
CONT-10-2070,חוזה יועץ סופרפוזיציה.docx,יועץ סופרפוזיציה,,,86250,,טיוטה,,,מחיר קבוע/פאושלי,,,,,germank,,,,,,,,,,,,,"
אפריקה ישראל מגורים בע""מ
יוני נתניהו 1 ג' אור יהודה
מ.ז 52-003476-0
","
מימוני הנדסה ויעוץ בע''מ 
גולומב 22, גבעתיים 5346313
515304673
",,רעננה,6585,רן/708,גרמן קגנובסקי ,עמית מימוני,,אביעד קלדרון,151,,,סביוני רעננה צפון,"ש""ח",מימוני הנדסה ויעוץ בע''מ ,,הקמת 150 יח''ד ומסחר על גבי חניון תת קרקעי,45 יום,Item,sites/Contracts/ProjectContractLibrary/סביוני רעננה צפון,סביוני רעננה צפון
CONT-10-2199,חוזה יועץ פינוי אשפה טיוטא מופיע בירוקה.docx,יועץ פינוי אשפה,,,,נשר,טיוטה,,,,,,,,avic,,,,,,,,,,,,,,[צדדים נוספים],,,,,,,,,,,,אגמי הכרמל ,,,,,,Item,sites/Contracts/ProjectContractLibrary/נשר,נשר
CONT-10-2002,חוזה יועץ פינוי אשפה.docx,יועץ פינוי אשפה,,,,מורדות ארנונה,טיוטה,,,,,,,,,,,,,,,,,,,,,"א.מ. ישראל מגורים פיתוח בע""מ
יוני נתניהו 1 ג' אור יהודה
513313148     ","סביבות ייעוץ ותכנון בע""מ
",,ירושלים,,,אבי ברטי לוי,אודי בר לבב,,,,,,"א.מ. ישראל מגורים פיתוח בע""מ",," סביבות ייעוץ ותכנון בע""מ","א.מ. ישראל מגורים פיתוח בע""מ",,,Item,sites/Contracts/ProjectContractLibrary/מורדות ארנונה,מורדות ארנונה
CONT-10-2145,חוזה יועץ פינוי אשפה.docx,יועץ פינוי אשפה,2021-06-01 00:00:00,,22000,,טיוטה,2021-05-16 00:00:00,2024-09-12 21:00:00,מחיר קבוע/פאושלי,,,,,dekelr,,2,ידוע,2021-05-15 00:00:00,,40,225.5724,5.00000000000000,מדד המחירים לצרכן,,,,"
אפריקה ישראל מגורים בע""מ
יוני נתניהו 1 ג' אור יהודה
מ.ז 52-003476-0
","[צדדים נוספים]
סיסטמה הנדסת הסביבה בע""מ

",,נתניה,8256,נת / 556 / ב / 1,דקל רוקבן,,,,155,מגרש 1409,,נתניה - מגרש 1409,"ש""ח","סיסטמה הנדסת הסביבה בע""מ",,יעוץ פינוי אשפה,45 יום,Item,sites/Contracts/ProjectContractLibrary/נתניה - מגרש 1409,נתניה - מגרש 1409
CONT-10-2315,חוזה יועץ פינוי אשפה.docx,יועץ פינוי אשפה,,,,,טיוטה,,,,,,,,kooksec,,,,,,,,,,,,,"
ביתא רוטשילד בע""מ

515851194
","[צדדים נוספים]
יוזמות למען סביבה והקהילה בע""מ
שונצינו 16 ת""א 
512806886
",,חיפה,,,,,,,,,,,,"יוזמות למען סביבה והקהילה בע""מ",,,,Item,sites/Contracts/ProjectContractLibrary/רוטשילד חיפה,רוטשילד חיפה
CONT-10-2374,חוזה יועץ פינוי אשפה.docx,יועץ פינוי אשפה,,,97000,אופיס אזור,טיוטה,,,מחיר קבוע/פאושלי,100%,,,,kooksec,,,,,,,,5.00000000000000,מדד המחירים לצרכן,,,,"
אפריקה ישראל מגורים בע""מ
יוני נתניהו 1 ג' אור יהודה
מ.ז 52-003476-0
","[צדדים נוספים]
אינסייט אי יו בע""מ
הרי הגלעד 4 ,רמת גן
514317320
",,אזור,6001,554-0905372,,,,,"115,142, 140",מגרשים 201 ו-202,,מתחם אזור,"ש""ח","אינסייט אי.יו בע""מ","אפריקה ישראל מגורים בע""מ","פרויקט מגורים בעירוב שימושים הכולל 443 יח""ד ב6",שוטף + 45,Item,sites/Contracts/ProjectContractLibrary/אופיס - אזור,אופיס - אזור
CONT-10-1941,חוזה יועץ קרינה אלקטרו.docx,יועץ קרינה אלקטרו-מגנטית,2019-01-17 00:00:00,,18800,נס ציונה מחיר למשתכן,טיוטה,2019-01-17 00:00:00,2021-01-05 22:00:00,,100,,,,kooksec,,2,,,,24,,5.00000000000000,מדד המחירים לצרכן,,,,"
א.מ. ישראל מגורים יזמות בע""מ
יוני נתניהו 1 אור יהודה
514957794
","
מדידות בע""מ
דוייט אייזנהאואר 1 נתניה 4209021
513100131
",,נס ציונה,2642 חלקה 14 מגרשים 30/31/32),נס/1/1,אבי ברטי לוי,,,יעקב מאיר,14,,,"א.מ ישראל מגורים יזמות בע""מ","ש""ח","מדידות בע""מ",,"ביצוע בדיקות קרינה בחדרי שנאים כולל פירים ולוחות ראשים ל-6 בניינים זהים הכוללים 8 קומות מגורים סה""כ 216 יח""ד",שוטף + 45,Item,sites/Contracts/ProjectContractLibrary,
CONT-10-2195,חוזה יועץ קרינה אלקטרו.docx,יועץ קרינה אלקטרו-מגנטית,2022-07-05 00:00:00,,,נשר,טיוטה,2022-07-20 00:00:00,,מחיר קבוע/פאושלי,,,0.2,,avic,,1,בגין,2022-03-17 00:00:00,,,234.5148,5.00000000000000,מדד המחירים לצרכן,,,,"
אפריקה ישראל מגורים בע""מ
יוני נתניהו 1 ג' אור יהודה
מ.ז 52-003476-0

שיכון ובינוי נדל""ן בע""מ
שלם 3 רמת גן 52215
מ.ז 52-002117-1

כלל נכסי נדלן נשר מרכז (נ.נ.נ.מ) שותפות מוגבלת
מרכז עזריאלי בניין משולש 3, תל אביב
540283033
","
דגש מדידות,הנדסה ויעוץ בע""מ

",,נשר,חלקה 1 בגוש 11170 וכן חלק מחלקה 1 בגוש 11118,355-0359364 ( מכ/866 ),"אבי כהן מאפריקה ישראל מגורים בע""מ ",אורן סולומון,3,אורן סולומון ,חלקה 1 בגוש 11170 וחלק מחל' 1 בגוש 11118,,,אגמי הכרמל ,"ש""ח","דגש מדידות,הנדסה ויעוץ בע""מ",,,שוטף + 60,Item,sites/Contracts/ProjectContractLibrary/נשר,נשר
CONT-10-2261,חוזה יועץ קרינה אלקטרו.docx,יועץ קרינה אלקטרו-מגנטית,,,111583,רמת שרת שלב ב,טיוטה,,,מחיר קבוע/פאושלי,50%,,,,kooksec,,2,,,,,,5.00000000000000,מדד המחירים לצרכן,,,,"פ.א פיתוח ובנייה בירושלים בע""מ
יוני נתניהו 1 ג' אור יהודה ת.ד 715
513958009","
רזאור הנדסה וייעוץ בע""מ
קריית שדה התעופה לוד ת.ד 1028
512526278
",,ירושלים,,,אבי ברטי לוי,לירן רז,,לירן רז,,,,"פ.א פיתוח ובנייה בירושלים בע""מ","ש""ח","רזאור הנדסה וייעוץ בע""מ",,"תכנון ופיקוח עליון על פרויקט מגורים הכולל מסחר וחניונים הכולל 2 מגדלי מגורים בני 19 קומות כ""א בסך: 278 יח""ד ומסחר כ2000 מ""ר בקומת קרקע וחניון תת""ק של כ-22,300 מ""ר",45 יום,Item,sites/Contracts/ProjectContractLibrary/רמת שרת שלב ב,רמת שרת שלב ב
CONT-10-2333,חוזה יועץ קרינה אלקטרו.docx,יועץ קרינה אלקטרו-מגנטית,,,,,טיוטה,,,,,,,,meryle,,,,,,,,,,,,,,,,,,,,,,,,,,,,,,,,Item,sites/Contracts/ProjectContractLibrary/הכוזרי - הרצליה,הכוזרי - הרצליה
CONT-10-1940,חוזה מודד.docx,תבנית מודד,2019-01-17 00:00:00,,18800,נס ציונה מחיר למשתכן,טיוטה,2019-01-18 00:00:00,2021-01-05 22:00:00,מחיר קבוע/פאושלי,100,,,,kooksec,,2,,2019-01-17 00:00:00,,24,,5.00000000000000,מדד המחירים לצרכן,,,,"
א.מ. ישראל מגורים יזמות בע""מ
יוני נתניהו 1 אור יהודה
514957794
","
מדידות בע""מ
דוייט אייזנהאואר 1 נתניה 4209021
513100131
",,נס ציונה,,,,,,,,,,"א.מ ישראל מגורים יזמות בע""מ","ש""ח","מדידות בע""מ",,"6 בניינים זהים הכוללים 8 קומות סה""כ 216 יח""ד",שוטף + 45,Item,sites/Contracts/ProjectContractLibrary/נס ציונה מחיר למשתכן,נס ציונה מחיר למשתכן
CONT-10-2324,חוזה מנהל מוד1.docx,מנהל מודל,,,,,טיוטה,,,,50%,,,,kooksec,,,,,,,,,,,,,"
ביתא רוטשילד בע""מ
יוני נתניהו 1 ג' אור יהודה ת.ד 715
515851194
","
א.ד.ו תכנון והנדסה בע""מ 
ראול ולנברג 14א ת""א
516247764
",,חיפה,,,,,,,,,,,,"א.ד.ו תכנון והנדסה בע""מ ",,,,Item,sites/Contracts/ProjectContractLibrary/רוטשילד חיפה,רוטשילד חיפה
CONT-10-2402,חוזה מנהל מודל בים ותיאום מערכות.docx,מנהל מודל,,,288409,הכוזרי הרצליה,טיוטה,2024-08-19 01:00:00,,מחיר קבוע/פאושלי,50%,,0.14,,meryle,,2,ידוע,2024-08-18 00:00:00,,48,,5.00000000000000,מדד המחירים לצרכן,,,,"
אפריקה התחדשות עירונית בע""מ

514639525

מצלאוי חברה לבנין בע""מ
דרך רפאל איתן 1, קרית אונו
512726712
","
מימוני הנדסה ויעוץ בע""מ
תוצרת הארץ 1, תל אביב 6789101

",,הרצליה,6538,504-0138628,מרול אטמן,ניצן סרדס,,זהר רוני,420-423,,,הכוזרי,"ש""ח","מימוני הנדסה ויעוץ בע""מ",,ניהול מודל בים ותיאום מערכות,60 יום,Item,sites/Contracts/ProjectContractLibrary/הכוזרי - הרצליה,הכוזרי - הרצליה
CONT-10-2069,חוזה מנהל מודל.docx,מנהל מודל,,,86250,,טיוטה,,,מחיר קבוע/פאושלי,,,,,germank,,,,,,,,,,,,,"
אפריקה ישראל מגורים בע""מ
יוני נתניהו 1 ג' אור יהודה
מ.ז 52-003476-0
","
מימוני הנדסת ויעוץ בע''מ
גולומב 22, גבעתיים 5346313
515304673
",,רעננה,6585,רן/708,גרמן קגנובסקי ,אמית מימוני ,,אביעד קלדרון,151,,,סביוני רעננה צפון,"ש""ח",מימוני הנדסת ויעוץ בע''מ,,הקמת 150 יח''ד ומסחר על גבי חניון תת קרקעי,45 יום,Item,sites/Contracts/ProjectContractLibrary/סביוני רעננה צפון,סביוני רעננה צפון
CONT-10-2091,חוזה מנהל מודל.docx,מנהל מודל,,,,מורדות ארנונה,טיוטה,,,,100%,,,,,,,,,,,,,,,,,"א.מ. ישראל מגורים פיתוח בע""מ
יוני נתניהו 1 ג' אור יהודה
513313148     ","טל ארליך פתרונות בע""מ
              רח' הדולב א22, צורן",,ירושלים,,,אבי ברטי לוי,טל ארליך,,טל ארליך,,,,"א.מ ישראל מגורים פיתוח בע""מ",,"טל ארליך פתרונות בע""מ","א.מ ישראל מגורים פיתוח בע""מ
",,,Item,sites/Contracts/ProjectContractLibrary/מורדות ארנונה,מורדות ארנונה
CONT-10-2183,חוזה מנהל מודל.docx,מנהל מודל,2022-05-30 00:00:00,,,שם אתר,אושר,2022-06-22 00:00:00,,מחיר קבוע/פאושלי,,,0.5,,avic,,1,בגין,2022-01-19 00:00:00,,,231.3849,5.00000000000000,מדד המחירים לצרכן,,,,"
אפריקה ישראל מגורים בע""מ
יוני נתניהו 1 ג' אור יהודה
מ.ז 52-003476-0

כלל נכסי נדלן נשר מרכז (נ.נ.נ.מ) שותפות מוגבלת
מרכז עזריאלי בניין משולש 3, תל אביב
540283033

שיכון ובינוי נדל""ן בע""מ
שלם 3 רמת גן 52215
מ.ז 52-002117-1
","
מימוני הנדסה ויעוץ בע""מ
תפוצת ישראל 3 , גבעתיים 
      ח.פ.  515304673


",,נשר,11118,355-0359364 ( מכ/866 ),"אבי כהן מחברת אפריקה ישראל מגורים בע""מ ",עמית מימוני,3,עמית מימוני,,,,אגמי הכרמל  - נשר ,"ש""ח","מימוני הנדסה ויעוץ בע""מ",,מנהל מודל ותאום מערכות ,שוטף + 60,Item,sites/Contracts/ProjectContractLibrary/נשר,נשר
CONT-10-2196,חוזה מנהל מודל.docx,מנהל מודל,2022-05-30 00:00:00,,,רמת שרת שלב ב,טיוטה,,,,50%,,,,kooksec,,,,,,36,,,,,,,"פ.א פיתוח ובנייה בירושלים בע""מ
רח' יוני נתניהו 1 ג' אור יהודה ת.ד 715
513958009","
פי טו סי מודלים לבניה בע""מ
רח' הגליל 34 ת.ד 416 נצרת 160002
514925569
",,ירושלים,,,אבי ברטי לוי,נלי ציפורי,,,,,,"פ.א פיתוח ובנייה בירושלים בע""מ",,"פי טו סי מודלים לבניה בע""מ",,,,Item,sites/Contracts/ProjectContractLibrary/רמת שרת שלב ב,רמת שרת שלב ב
CONT-10-1919,חוזה מעצב פנים.docx,מעצב פנים,2019-02-19 00:00:00,,76000,נס ציונה מחיר למשתכן,טיוטה,2019-02-19 00:00:00,2021-02-07 22:00:00,מחיר קבוע/פאושלי,100,,0.1,,kooksec,,2,,,,24,,11.0000000000000,שקל חדש,,,,"
א.מ. ישראל מגורים יזמות בע""מ
יוני נתניהו 1 אור יהודה
514957794
","
נירית ברנר אדריכלים בע""מ
מתתיהו שוהם 6 תל אביב
514877422
",,נס ציונה,,,אבי ברטי לוי,,,,,,,"א.מ ישראל מגורים יזמות בע""מ",,"נירית ברנר אדריכלים בע""מ","א.מ ישראל מגורים יזמות בע""מ","תכנון ועיצוב פנים של יח""ד ב-6 מבנים, מגרשים: 30,31,32",שוטף + 45,Item,sites/Contracts/ProjectContractLibrary/נס ציונה מחיר למשתכן,נס ציונה מחיר למשתכן
CONT-10-1967,חוזה מעצב פנים.docx,מעצב פנים,2020-12-09 00:00:00,,262000,נרקיסים,טיוטה,2020-12-09 00:00:00,2021-12-03 22:00:00,מחיר קבוע/פאושלי,ניסיון,,0.5,,germank,,,,,,12,,,,,,,"
א.מ.ד.ס מחיר למשתכן
יהונתן נתניהו 1ג', אור יהודה
ש.ר 540274883
","
מיכל גינזבורג
רשי 8 רמת השרון
022646095

",,ראשון לציון,"4240,4241",413-0180570,קובי רפא,מיכל גינזבורג,,מיכל גנזבורג,,"מגרשים 4,5,6,7,8,29,30",,סביוני ראשון לציון,"ש""ח",מיכל גינזבורג,א.מ.ד.ס מחיר למשתכן,הקמת 554 יח'ד בראשון לציון ,60 יום,Item,sites/Contracts/ProjectContractLibrary/נרקיסים,נרקיסים
CONT-10-2328,חוזה מעצב פנים.docx,מעצב פנים,,,135000,רמת שרת שלב ב,טיוטה,,,מחיר קבוע/פאושלי,50%,,,,kooksec,,1,,,,,,5.00000000000000,מדד המחירים לצרכן,,,,,"
זיוה גורסקי מעצבת פנים
אלתרמן 10 תל אביב

",,ירושלים,,,אבי ברטי לוי,זיוה גורסקי,,זיוה גורסקי,,,,"פ.א פיתוח ובנייה בירושלים בע""מ","ש""ח",זיוה גורסקי מעצבת פנים,,תכנון ועיצוב פנים של לובאים ב-2 מגדלי מגורים בני 26 קומות הכוללים 7 קומות מרתף כולל מסחר,שוטף + 45,Item,sites/Contracts/ProjectContractLibrary/רמת שרת/דרומי,רמת שרת
CONT-10-2381,חוזה מעצב פנים.docx,מעצב פנים,,,,מורדות ארנונה,טיוטה,,,מחיר קבוע/פאושלי,100%,,,,kooksec,,2,,,,,,5.00000000000000,מדד המחירים לצרכן,,,,"
א.מ. ישראל מגורים פיתוח בע""מ
יוני נתניהו 1 ג' אור יהודה
513313148
","
זיוה גורסקי מעצבת פנים
אלתרמן 10 תל אביב

",,ירושלים,,,אבי ברטי לוי,זיוה גורסקי,,זיוה גורסקי,,,,"א.מ ישראל מגורים פיתוח בע""מ","ש""ח",זיוה גורסקי מעצבת פנים,"א.מ ישראל מגורים פיתוח בע""מ ",,שוטף + 45,Item,sites/Contracts/ProjectContractLibrary/מורדות ארנונה,מורדות ארנונה
CONT-10-2181,חוזה מתכנן איוורור ו  מיזוג אוויר.docx,מיזוג אויר,2022-04-26 00:00:00,,,נשר,אושר,2022-05-03 00:00:00,,מחיר קבוע/פאושלי,,,0.3,,avic,,1,בגין,2022-01-19 00:00:00,,,231.3849,5.00000000000000,מדד המחירים לצרכן,,,,"
אפריקה ישראל מגורים בע""מ
יוני נתניהו 1 ג' אור יהודה
מ.ז 52-003476-0

כלל נכסי נדלן נשר מרכז (נ.נ.נ.מ) שותפות מוגבלת
מרכז עזריאלי בניין משולש 3, תל אביב
540283033

שיכון ובינוי נדל""ן בע""מ
שלם 3 רמת גן 52215
מ.ז 52-002117-1
","
וישקין תכנון בע""מ

",,נשר,חל' 1 גוש 11168 וחלק מח' 1 בגוש 11170,355-0359364 ( מכ/866 ),"אבי כהן מחברת אפריקה ישראל מגורים בע""מ ",וישקין,4,וישקין,,,,אגמי הכרמל ,"ש""ח","וישקין תכנון בע""מ",,יעוץ ותכנון אוורור ומיזוג אויר ,שוטף + 60,Item,sites/Contracts/ProjectContractLibrary/נשר,נשר
CONT-10-2104,חוזה מתכנן איוורור ומיזוג אוויר.docx,מיזוג אויר,2021-09-16 00:00:00,,,גבעת הכלניות,טיוטה,2021-07-15 00:00:00,2028-03-07 20:00:00,מחיר קבוע/פאושלי,100%,,0.4,,avic,,1,בגין,2021-07-14 00:00:00,,80,227.5844,5.00000000000000,מדד המחירים לצרכן,,,,"
אפריקה ישראל מגורים בע""מ
יוני נתניהו 1 ג' אור יהודה
מ.ז 52-003476-0
","
סער מהנדסים בע""מ 
רח' התעשייה 51  ת""ד 448
נשר   מ.3660301





",,קרית אתא,10255   גוש    ,כ/248,"אבי כהן מחברת אפריקה ישראל מגורים בע""מ ",סער פנקס,5,סער פנקס ,מגרשים 57-65,,,גבעת הכלניות ( טרם ניתן שם לפרויקט ),"ש""ח",סער מהנדסים ,,מתכנן ויועץ אוורור ומיזוג אויר בפרויקט ,שוטף + 45,Item,sites/Contracts/ProjectContractLibrary/גבעת הכלניות - קרית אתא,גבעת הכלניות - קרית אתא
CONT-10-1937,חוזה מתכנן אינסטלציה 26.08.2020.docx,מתכנן אינסטלציה,,,252400,סביוני רעננה צפון,טיוטה,2020-01-01 00:00:00,,מחיר קבוע/פאושלי,,,0.5,,germank,,2,ידוע,2019-12-31 00:00:00,,,310.2382,9.00000000000000,מדד תשומות הבניה,,,,"
אפריקה ישראל מגורים בע""מ
יוני נתניהו 1 ג' אור יהודה
מ.ז 52-003476-0
","
א.ח. תכנון וייעוץ בהנדסת מים וביוב בע''מ
רח' המגשימים 6 פתח תקווה
513024430
",,רעננה,גוש 6578 חלקה 151,רע/708,גרמן קגנובסקי,ולי אנטונוב.,,,,,,הקמה 150 יח''ד ומסחר על גבי החניון תת קרקעי,"ש""ח",א.ח. תכנון וייעוץ בהנדסת מים וביוב בע''מ,,הקמה 150 יח''ד ומסחר,60 יום,Item,sites/Contracts/ProjectContractLibrary/סביוני רעננה צפון,סביוני רעננה צפון
CONT-10-1404,חוזה מתכנן אינסטלציה.docx,מתכנן אינסטלציה,2019-03-12 00:00:00,,,אנדריוס ,טיוטה,2013-10-15 00:00:00,2020-05-10 21:00:00,מחיר קבוע/פאושלי,100,,0.5,,avic,,1,,,,80,,5.00000000000000,מדד המחירים לצרכן,,,,"
אפריקה ישראל מגורים בע""מ
יוני נתניהו 1 ג' אור יהודה
מ.ז 52-003476-0
","
ש. גלבוע מהנדסים יועצים
בן גוריון 22 הרצליה



",,נתניה,"8271  ח""ח 13000132  133",נת/41/5521,"אבי כהן מאפריקה ישראל מגורים בע""מ",   XXXXX,6,ארז גלבוע ,,,,שם הפרויקט - סביוני סיטי ,"ש""ח",ש.גלבוע מהנדסים יועצים ,,תכנון ויעוץ אינסטלציה וספרנקלריים בפרויקט ,שוטף + 45,Item,sites/Contracts/ProjectContractLibrary/אנדריוס,אנדריוס
CONT-10-1880,חוזה מתכנן אינסטלציה.docx,מתכנן אינסטלציה,2019-01-20 00:00:00,,,נס ציונה מחיר למשתכן,טיוטה,2019-01-20 00:00:00,2022-09-30 23:00:00,מחיר קבוע/פאושלי,100,,,,kooksec,,2,,,,45,,9.00000000000000,מדד תשומות הבניה,,,,,"
א.ח. תכנון וייעוץ בהנדסת מים וביוב בע""מ
רח' המגשימים 6 פתח תקווה
513024430
",,נס ציונה,,,,,,,,,,"א.מ ישראל מגורים יזמות בע""מ","ש""ח","א.ח. תכנון וייעוץ בהנדסת מים וביוב בע""מ","א.מ. ישראל מגורים יזמות בע""מ","תכנון עבודות תברואה וספרינקלרים עבור 216 יח""ד, מעל מרתף תת קרקעי",שוטף + 30,Item,sites/Contracts/ProjectContractLibrary/נס ציונה מחיר למשתכן,נס ציונה מחיר למשתכן
CONT-10-1912,חוזה מתכנן אינסטלציה.docx,מתכנן אינסטלציה,,,252400,סביוני רעננה צפון,טיוטה,2020-01-01 00:00:00,,מחיר קבוע/פאושלי,,,0.5,,germank,,2,ידוע,2019-12-31 00:00:00,,,310.2382,9.00000000000000,מדד תשומות הבניה,,,,"
אפריקה ישראל מגורים בע""מ
יוני נתניהו 1 ג' אור יהודה
מ.ז 52-003476-0
","
א.ח. תכנון וייעוץ בהנדסת מים וביוב בע''מ
רח' המגשימים 6 פתח תקווה
513024430
",,רעננה,גוש 6578 חלקה 151,רע/708,גרמן קגנובסקי,ולי אנטונוב.,,,,,,הקמה 150 יח''ד ומסחר על גבי החניון תת קרקעי,"ש""ח",א.ח. תכנון וייעוץ בהנדסת מים וביוב בע''מ,,הקמה 150 יח''ד ומסחר,60 יום,Item,sites/Contracts/ProjectContractLibrary/סביוני רעננה צפון,סביוני רעננה צפון
CONT-10-1984,חוזה מתכנן אינסטלציה.docx,מתכנן אינסטלציה,,,,מורדות ארנונה,טיוטה,,,,100%,,,,,,,,,,,,,,,,,"א.מ. ישראל מגורים פיתוח בע""מ
יוני נתניהו 1 ג' אור יהודה
513313148     
","  א.ח. תכנון וייעוץ בהנדסת מים וביוב בע""מ
 רח' מגשימים 6, פתח תקווה
",,ירושלים,,,אבי ברטי לוי,ולי אנטולי,,,,,,"א.מ. ישראל מגורים פיתוח בע""מ",,"א.ח. תכנון וייעוץ בהנדסת מים וביוב בע""מ","א.ח. תכנון וייעוץ בהנדסת מים וביוב בע""מ
",,,Item,sites/Contracts/ProjectContractLibrary/מורדות ארנונה,מורדות ארנונה
CONT-10-2081,חוזה מתכנן אינסטלציה.docx,מתכנן אינסטלציה,2021-07-12 00:00:00,,163800,נתניה - מגרש 1409,טיוטה,2021-01-16 00:00:00,2023-12-19 22:00:00,מחיר קבוע/פאושלי,,,,,dekelr,,2,ידוע,2021-01-15 00:00:00,,36,223.1145,5.00000000000000,מדד המחירים לצרכן,,,,"
אפריקה ישראל מגורים בע""מ
יוני נתניהו 1 ג' אור יהודה
מ.ז 52-003476-0
","
איסר גולדיש מהנדסים יועצים בע""מ
עמינדב 23 תל אביב, 67898
",,נתניה,8256,נת / 556 / ב / 1,דקל רוקבן,,,מקס מולצנובסקי,155,,,נתניה - מגרש 1409,"ש""ח","איסר גולדיש מהנדסים יועצים בע""מ",,תכנון אינסטלציה ותברואה,45 יום,Item,sites/Contracts/ProjectContractLibrary/נתניה - מגרש 1409,נתניה - מגרש 1409
CONT-10-2082,חוזה מתכנן אינסטלציה.docx,מתכנן אינסטלציה,2021-08-02 00:00:00,,,גבעת הכלניות,טיוטה,2021-01-21 00:00:00,,מחיר קבוע/פאושלי,100%,,0.8,,avic,,2,ידוע,2021-01-20 00:00:00,,60,223.1145,5.00000000000000,מדד המחירים לצרכן,,,,"
אפריקה ישראל מגורים בע""מ
יוני נתניהו 1 ג' אור יהודה
מ.ז 52-003476-0
","
עדה ברונפמן מהנדסים בע""מ
רחוב היוזמה 3 , טירת הכרמל

",,קרית אתא,גוש 10255,כ/248,אבי כהן ,עדה ברונפמן,3,עדה ברונפמן,מגרשים 57-65,,,גבעת הכלניות ( שם זמני ),"ש""ח","עדה ברונפמן מהנדסים בע""מ","אפריקה ישראל מגורים בע""מ",,שוטף + 45,Item,sites/Contracts/ProjectContractLibrary/גבעת הכלניות - קרית אתא,גבעת הכלניות - קרית אתא
CONT-10-2175,חוזה מתכנן אינסטלציה.docx,מתכנן אינסטלציה,2022-04-17 00:00:00,,,נשר,אושר,2022-04-25 00:00:00,,מחיר קבוע/פאושלי,,,0.5,,avic,,1,בגין,2022-01-19 00:00:00,,,231.3849,5.00000000000000,מדד המחירים לצרכן,,,,"
אפריקה ישראל מגורים בע""מ
יוני נתניהו 1 ג' אור יהודה
מ.ז 52-003476-0

שיכון ובינוי נדל""ן בע""מ
שלם 3 רמת גן 52215
מ.ז 52-002117-1

כלל נכסי נדלן נשר מרכז (נ.נ.נ.מ) שותפות מוגבלת
מרכז עזריאלי בניין משולש 3, תל אביב
540283033
","
י.וינברג מהנדסים יועצים בע""מ
          קליבנוב 10 חיפה
",,נשר,חלקה 1 בגוש 11170 וכן חלק מחלקה 1 בגוש 11118,355-0359364 ( מכ/866 ),"אבי כהן מחברת אפריקה ישראל מגורים בע""מ ",יוסי ויינברג,5,יוסי ויינברג,,,,אגמי הכרמל ,"ש""ח","י.וינברג מהנדסים יועצים בע""מ",,יעוץ אינסטלציה וספרנקלרים בפרוקיט ,שוטף + 45,Item,sites/Contracts/ProjectContractLibrary/נשר,נשר
CONT-10-2187,חוזה מתכנן אינסטלציה.docx,מתכנן אינסטלציה,,,503700,רמת שרת שלב ב,טיוטה,,,מחיר קבוע/פאושלי,50%,,,,kooksec,,2,,,,36,,,,,,,"
אפריקה ישראל מגורים בע""מ
יוני נתניהו 1 ג' אור יהודה
מ.ז 52-003476-0
","
תנובת הארץ וירושלים בע""מ
בנין שערי העיר יפו 213 ירושלים
513689976
",,ירושלים,,,אבי ברטי לוי,יגאל רזניקוב,,יגאל רזניקוב,,,,"פ.א פיתוח ובנייה בירושלים בע""מ","ש""ח","תנובת הארץ וירושלים בע""מ",,"תכנון ופיקוח עליון על פרויקט מגורים הכולל מסחר וחניונים הכולל 2 מגדלי מגורים בני 19 קומות כ""א בסך: 278 יח""ד ומסחר כ2000 מ""ר בקומת קרקע וחניון תת""ק של כ-22,300 מ""ר",45 יום,Item,sites/Contracts/ProjectContractLibrary/רמת שרת שלב ב,רמת שרת שלב ב
CONT-10-2309,חוזה מתכנן אינסטלציה.docx,מתכנן אינסטלציה,,,,,טיוטה,,,,50%,,0.2,,kooksec,,,,,,,,,,,,,"ביתא רוטשילד בע""מ
              יוני נתניהו 1 ג' אור יהודה ת.ד 715
              515851194","סלע נהרי יועצים ומהנדסים בע""מ
              האשלג 22 חיפה
              510956998",,חיפה,,,,,,,,,,,,,"ביתא רוטשילד בע""מ",,,Item,sites/Contracts/ProjectContractLibrary/רוטשילד חיפה,רוטשילד חיפה
CONT-10-2370,חוזה מתכנן אינסטלציה.docx,מתכנן אינסטלציה,,,186000,אופיס אזור,טיוטה,,,מחיר קבוע/פאושלי,100%,,,,kooksec,,1,,,,,,5.00000000000000,מדד המחירים לצרכן,,,,"
אפריקה ישראל מגורים בע""מ
יוני נתניהו 1 ג' אור יהודה
מ.ז 52-003476-0
","
י. לבל מהנדסים יועצים בע""מ
רח' נחלת יצחק 32 ,תל אביב 
513359174
",,אזור,,,,,,,,,,מתחם אזור,"ש""ח","י. לבל מהנדסים יועצים בע""מ","אפריקה ישראל מגורים בע""מ","פרויקט מגורים בעירוב שימושים הכולל 443 יח""ד ב6",שוטף + 45,Item,sites/Contracts/ProjectContractLibrary/אופיס - אזור,אופיס - אזור
CONT-10-392,חוזה מתכנן אלומיניום.docx,מתכנן אלומניום,2018-05-31 00:00:00,,171400,סביוני גליל ים - מחיר למשתכן,טיוטה,2018-04-12 00:00:00,,מחיר קבוע/פאושלי,100,,0.8,,michak,,1,בגין,2018-04-11 00:00:00,,,222.2296,5.00000000000000,מדד המחירים לצרכן,,,,"
אפריקה ישראל מגורים בע""מ
יוני נתניהו 1 ג' אור יהודה
מ.ז 52-003476-0
","
לנדמן אלומיניום בע""מ
הירקון 2 חיפה
",,הרצליה,"מתחם ד' – מגרשים 114, 115, 116,  המהווים חלקים מחלקות 17 ו-19, בגוש 6422 מתחם ה' – מגרשים 117, 118, המהווים חלקים מחלקות 17 ו-19, בגוש 6422","הר/מק/1985 ב', תכנית מס'  504-0251637",מיכה קורצברד,מוטי לנדמן,20,מוטי לנדמן,,,,גליל ים - מחיר למשתכן,"ש""ח","לנדמן אלומיניום בע""מ","אפריקה ישראל מגורים בע""מ",תכנון אלומיניום,60 יום,Item,sites/Contracts/ProjectContractLibrary/גליל ים מחיר למשתכן,גליל ים מחיר למשתכן
CONT-10-1883,חוזה מתכנן אלומיניום.docx,מתכנן אלומיניום,2019-02-12 00:00:00,,89700,נס ציונה מחיר למשתכן,טיוטה,2019-02-12 00:00:00,2022-10-23 23:00:00,מחיר קבוע/פאושלי,100,,,,kooksec,,2,,,,45,,,,,,,"
א.מ. ישראל מגורים יזמות בע""מ
יוני נתניהו 1 אור יהודה
514957794
","
לנדמן אלומיניום בע""מ
הירקון 2 חיפה
512245192
",,נס ציונה,,,,,,,,,,"א.מ ישראל מגורים יזמות בע""מ","ש""ח","לנדמן אלומיניום בע""מ","א.מ ישראל מגורים יזמות בע""מ
","תכנון ופיקוח על ביצוע עבודות לביצוע מלבני האלומיניום הזכוכית, אריחי החיפוי המעקים וכו' עבור 216 יח""ד ב-6 מבנים, מגרשים: 30,31,32",שוטף + 30,Item,sites/Contracts/ProjectContractLibrary/נס ציונה מחיר למשתכן,נס ציונה מחיר למשתכן
CONT-10-1942,חוזה מתכנן אלומיניום.docx,מתכנן אלומיניום,2017-12-01 00:00:00,,,"בית מפא""י",טיוטה,2017-12-01 00:00:00,2021-11-09 22:00:00,מחיר קבוע/פאושלי,100,,,,kooksec,,2,,,,48,,5.00000000000000,מדד המחירים לצרכן,,,,"
אפריקה ישראל מגורים בע""מ
יוני נתניהו 1 ג' אור יהודה
מ.ז 52-003476-0
","
לדמן אלומיניום בע""מ
הירקון 2 חיפה
512245192
",,ירושלים,,,,,,,,,,"אפריקה ישראל מגורים בע""מ","ש""ח","לדמן אלומיניום בע""מ",,יעוץ לתכנון מסגרות אלומיניום כללי ,שוטף + 45,Item,sites/Contracts/ProjectContractLibrary/בית מפאי,בית מפאי
CONT-10-1969,חוזה מתכנן אלומיניום.docx,מתכנן אלומיניום,,,155120,נרקיסים,טיוטה,,,מחיר קבוע/פאושלי,,,0.2,,germank,,,,,,,,,,,,,"
א.מ.ד.ס מחיר למשתכן
יהונתן נתניהו 1ג', אור יהודה
ש.ר 540274883
","
א.מ.ג תכנון יעוץ וניהול בע""מ
משה גושן 27 קרית מוצקין
ח.פ. 513282269
",,ראשון לציון,"4240,4241",413-0180570,יצחק מוגרבי,יצחק מוגרבי ,4,יצחק מוגרבי,מגרשים 4.5.6.7.8.9.29.30,,,נרקיסים ,"ש""ח","א.מ.ג תכנון יעוץ וניהול בע""מ",,הקמת 554 יח''ד בראשון לציון ,שוטף + 45,Item,sites/Contracts/ProjectContractLibrary/נרקיסים,נרקיסים
CONT-10-2147,חוזה מתכנן אלומיניום.docx,מתכנן אלומיניום,2021-10-01 00:00:00,,76482,,טיוטה,2021-10-01 00:00:00,2025-01-12 20:00:00,מחיר קבוע/פאושלי,,,,,dekelr,,2,ידוע,2021-09-15 00:00:00,,40,228.2551,5.00000000000000,מדד המחירים לצרכן,,,,"
אפריקה ישראל מגורים בע""מ
יוני נתניהו 1 ג' אור יהודה
מ.ז 52-003476-0
","
גיל אורנן יועץ מעטפת הבנין ואלומיניום
תמר 64 גבעתיים
",,נתניה,8256,נת / 556 / ב / 1,דקל רוקבן,,,,155,מגרש 1409,,נתניה - מגרש 1409,"ש""ח",גיל אורנן יועץ מעטפת הבנין ואלומיניום,,תכנון אלומניום,45 יום,Item,sites/Contracts/ProjectContractLibrary/נתניה - מגרש 1409,נתניה - מגרש 1409
CONT-10-2193,חוזה מתכנן אלומיניום.docx,מתכנן אלומיניום,2022-08-25 00:00:00,,,גבעת הכלניות,אושר,2022-08-21 00:00:00,,מחיר קבוע/פאושלי,100,,0.5,,avic,,2,ידוע,2022-06-15 00:00:00,,,235.8561,5.00000000000000,מדד המחירים לצרכן,,,,"
אפריקה ישראל מגורים בע""מ
יוני נתניהו 1 ג' אור יהודה
מ.ז 52-003476-0
","
לנדמן אלומיניום בע""מ
איילון 3    ,  חיפה  מ. 3436603
",,קרית אתא,10255       ,כ/248,אבי כהן מאפריקה ישראל מגורים,מוטי לנדמן ו/או אלדד גרנות ,5,מוטי לנדמן,מגרשים 57-65,,,גבעת הכלניות ( טרם ניתן שם לפרויקט ),"ש""ח","לנדמן אלומיניום בע""מ","אפריקה ישראל מגורים בע""מ ",תכנון ויעוץ אלומניום בפרויקט ,שוטף + 45,Item,sites/Contracts/ProjectContractLibrary/גבעת הכלניות - קרית אתא,גבעת הכלניות - קרית אתא
CONT-10-2194,חוזה מתכנן אלומיניום.docx,מתכנן אלומיניום,2022-10-23 00:00:00,,,,אושר,2022-09-14 00:00:00,,מחיר קבוע/פאושלי,,,0.6,,avic,,2,ידוע,2022-07-20 00:00:00,,,239.4331,5.00000000000000,מדד המחירים לצרכן,,,,"
אפריקה ישראל מגורים בע""מ
יוני נתניהו 1 ג' אור יהודה
מ.ז 52-003476-0

שיכון ובינוי נדל""ן בע""מ
שלם 3 רמת גן 52215
מ.ז 52-002117-1

כלל נכסי נדלן נשר מרכז (נ.נ.נ.מ) שותפות מוגבלת
מרכז עזריאלי בניין משולש 3, תל אביב
540283033
","
לנדמן אלומיניום בע""מ
איילון 3 ,  חיפה
",,נשר,11168-11170,מכ/886   355-0359364,"אבי כהן מחברת אפריקה ישראל מגורים בע""מ ",מוטי לנדמן ו/או אלדד גרנות  ,5,מוטי לנדמן ו/או אלדד גרנות ,"1 בגוש 11168  וחל' 4 בגוש 11169  וח' 1,3 בגוש 11170",,,אגמי הכרמל ,"ש""ח","לנדמן אלומיניום בע""מ",,תכנון ויעוץ אלומניום בפרויקט ,שוטף + 60,Item,sites/Contracts/ProjectContractLibrary/נשר,נשר
CONT-10-2317,חוזה מתכנן אלומיניום.docx,מתכנן אלומיניום,,,,,טיוטה,,,,50%,,,,kooksec,,,,,,,,,,,,,"
ביתא רוטשילד בע""מ
יוני נתניהו 1 ג' אור יהודה ת.ד 715
515851194
","
פרל סיסטם  ושות'
חטיבת גבעתי 7/10 רעננה
059153478
",,חיפה,,,,,,,,,,,,פרל סיסטם  ושות',,,,Item,sites/Contracts/ProjectContractLibrary/רוטשילד חיפה,רוטשילד חיפה
CONT-10-2359,חוזה מתכנן אלומיניום.docx,מתכנן אלומיניום,,,,רמת שרת שלב ב,טיוטה,,,מחיר קבוע/פאושלי,,,,,kooksec,,2,,,,24,,5.00000000000000,מדד המחירים לצרכן,,,,"פ.א פיתוח ובנייה בירושלים בע""מ
              רח' יוני נתניהו 1 כ' אור יהודה ת.ד 715
              513958009","
לנדמן אלומיניום בע""מ
אילון 3 חיפה
512245192
",,ירושלים,,,,,,מוטי לנדמן,,,,"פ.א פיתוח ובנייה בירושלים בע""מ",,"לנדמן אלומיניום בע""מ",,"278 יח""ד  בשני מגדלים + קומת מסחר",שוטף + 45,Item,sites/Contracts/ProjectContractLibrary/רמת שרת שלב ב,רמת שרת שלב ב
CONT-10-2436,חוזה מתכנן אלומיניום.docx,מתכנן אלומיניום,,,80000,הכוזרי הרצליה,טיוטה,2024-08-20 01:00:00,2029-02-04 22:00:00,מחיר קבוע/פאושלי,50%,,0.2,,meryle,,1,בגין,2024-08-19 00:00:00,,48,,5.00000000000000,מדד המחירים לצרכן,,,,"
אפריקה התחדשות עירונית בע""מ

514639525

מצלאוי חברה לבנין בע""מ
דרך רפאל איתן 1, קרית אונו
512726712
","
א.מ.ג. תכנון יעוץ וניהול בע""מ
רח' נעמי שמר 7 בת ים 5959254

",,הרצליה,6538,504-0138628,מרול אטמן,איגור כצנלסון,,יצחק מוגרבי,420-423,,,הכוזרי,"ש""ח","א.מ.ג. תכנון יעוץ וניהול בע""מ",,,60 יום,Item,sites/Contracts/ProjectContractLibrary/הכוזרי - הרצליה,הכוזרי - הרצליה
CONT-10-2472,חוזה מתכנן אלומיניום.docx,מתכנן אלומיניום,,,,,טיוטה,,,מחיר קבוע/פאושלי,100,,,,kooksec,,1,,,,,,5.00000000000000,מדד המחירים לצרכן,,,,"
אפריקה התחדשות עירונית בע""מ
יוני נתניהו 1 ג' אור יהודה
514639525
","
פרלסיסטמס פתרונות מעטפת בניין בע""מ
חטיבת גבעתי 7/10 רעננה
515779502
",,תל אביב-יפו,,,,,,,,,,דרך השלום 71-75,"ש""ח","פרלסיסטמס פתרונות מעטפת בניין בע""מ","אפריקה התחדשות עירונית בע""מ","יעוץ, תכנון ופיקוח עבור 250 יח""ד+ מבנה ציבור - 800 מ""ר ושטחי פיתוח ",45 יום,Item,sites/Contracts/ProjectContractLibrary/דרך השלום - תא,דרך השלום - תא
CONT-10-2371,חוזה מתכנן חשמל ותקשור1.docx,מתכנן חשמל ותקשורת,,,175000,אופיס אזור,טיוטה,,,מחיר קבוע/פאושלי,100%,,,,kooksec,,1,,,,,,5.00000000000000,מדד המחירים לצרכן,,,,"
אפריקה ישראל מגורים בע""מ
יוני נתניהו 1 ג' אור יהודה
מ.ז 52-003476-0
","ר. כהן ושות' מהנדסים יועצים לחשמל ואוטומציה בע""מ
דרך מנחם בגין 42 רמת גן
511304552
",,אזור,6001,554-0905372,,,,,"115,142, 140",מגרשים 201 ו-202,,מתחם אזור,"ש""ח","ר. כהן ושות' מהנדסים יועצים לחשמל ואוטומציה בע""מ",,"פרויקט מגורים בעירוב שימושים הכולל 443 יח""ד ב6",שוטף + 45,Item,sites/Contracts/ProjectContractLibrary/אופיס - אזור,אופיס - אזור
CONT-10-1968,חוזה מתכנן חשמל ותקשורת -29.10.2020 - ID1v1.DOCX,ן חשמל ותקשורת,2020-10-14 00:00:00,,,נשר,טיוטה,2019-12-12 00:00:00,2036-11-11 20:00:00,,,,0.5,,avic,,2,ידוע,2019-12-11 00:00:00,,200,224.6748,5.00000000000000,מדד המחירים לצרכן,,,,"אפריקה ישראל מגורים בע""מ
יוני נתניהו 1 ג' אור יהודה
מ.ז 52-003476-0

שיכון ובינוי נדל""ן בע""מ
שלם 3 רמת גן 52215
מ.ז 52-002117-1

כלל נכסי נדלן נשר מרכז (נ.נ.נ.מ) שותפות מוגבלת
מרכז עזריאלי בניין משולש 3, תל אביב
540283033

","
          סער מהנדסים בע""מ
            התעשיה 51 נשר
",,נשר,11170 חל' 1 וגוש 11168 חלק מחל' 1 ,355-0359364 מכ/866,"אבי כהן מאפריקה ישראל מגורים בע""מ",סער פנקס ,5,סער פנקס ,"מתחם קרקע המצוי בעיר נשר והידוע כחלקה 1 בגוש 11165, חלקות 2, 4 ו- 5 בגוש 11166, חלקות 1 ו- 2 בגוש 11167 חלקה 1 בגוש 11168, חלקות 3 ו- 4 בגוש 11169 וחלקות 1 ו- 3 בגוש 11170.",,,פרוייקט נשר - ( שם זמני ) ,"ש""ח","  סער מהנדסים בע""מ ","אפריקה ישראל מגורים בע""מ  ,  כלל נכסי נדלן נשר מרכז (נ.נ.נ.מ) שותפות מוגבלת , ","יעוץ ותכנון חשמל תקשורת וכו במגרשים לבנייני מגורים , מסחר ו/או תעסוקה וכן מגורים משולב בתעסוקה לרבות מרתפים ",שוטף + 60,Item,sites/Contracts/ProjectContractLibrary/נשר,נשר
CONT-10-1884,חוזה מתכנן חשמל ותקשורת.docx,מתכנן חשמל ותקשורת,2019-01-24 00:00:00,,185600,נס ציונה מחיר למשתכן,טיוטה,2019-01-24 00:00:00,2022-10-04 23:00:00,מחיר קבוע/פאושלי,100,,,,kooksec,,2,,,,45,,,,,,,"
א.מ. ישראל מגורים יזמות בע""מ
יוני נתניהו 1 אור יהודה
514957794
","
טיקטין תכנון חשמל  (2003) בע""מ
רח' ברגמן 2 קריית המדע רחובות
513475392
",,נס ציונה,,,,,,,,,,"א.מ ישראל מגורים יזמות בע""מ","ש""ח","טיקטין תכנון חשמל  (2003) בע""מ",,"תכנון חשמל עבור 216 יח""ד כולל חניון ומרתף תת""ק",שוטף + 30,Item,sites/Contracts/ProjectContractLibrary/נס ציונה מחיר למשתכן,נס ציונה מחיר למשתכן
CONT-10-1938,חוזה מתכנן חשמל ותקשורת.docx,ן חשמל ותקשורת,2020-10-14 00:00:00,,,נשר,אושר,2019-12-12 00:00:00,2036-11-11 20:00:00,,,,0.7,,avic,,2,ידוע,2019-12-11 00:00:00,,200,224.6748,5.00000000000000,מדד המחירים לצרכן,,,,"אפריקה ישראל מגורים בע""מ
יוני נתניהו 1 ג' אור יהודה
מ.ז 52-003476-0

שיכון ובינוי נדל""ן בע""מ
שלם 3 רמת גן 52215
מ.ז 52-002117-1

כלל נכסי נדלן נשר מרכז (נ.נ.נ.מ) שותפות מוגבלת
מרכז עזריאלי בניין משולש 3, תל אביב
540283033

","
          סער מהנדסים בע""מ
            התעשיה 51 נשר
",,נשר,11170 חל' 1 וגוש 11168 חלק מחל' 1 ,355-0359364 מכ/866,"אבי כהן מאפריקה ישראל מגורים בע""מ",סער פנקס ,5,סער פנקס ,"מתחם קרקע המצוי בעיר נשר והידוע כחלקה 1 בגוש 11165, חלקות 2, 4 ו- 5 בגוש 11166, חלקות 1 ו- 2 בגוש 11167 חלקה 1 בגוש 11168, חלקות 3 ו- 4 בגוש 11169 וחלקות 1 ו- 3 בגוש 11170.",,,פרוייקט נשר - ( שם זמני ) ,"ש""ח","  סער מהנדסים בע""מ                      _________________________","אפריקה ישראל מגורים בע""מ  ,  כלל נכסי נדלן נשר מרכז (נ.נ.נ.מ) שותפות מוגבלת , ","יעוץ ותכנון חשמל תקשורת וכו במגרשים לבנייני מגורים , מסחר ו/או תעסוקה וכן מגורים משולב בתעסוקה לרבות מרתפים ",שוטף + 60,Item,sites/Contracts/ProjectContractLibrary/נשר,נשר
CONT-10-1943,חוזה מתכנן חשמל ותקשורת.docx,מתכנן חשמל ותקשורת,,,234000,הקמת 150 יח''ד ומסחר ,טיוטה,2020-01-01 00:00:00,,מחיר קבוע/פאושלי,,,0.6,,germank,,1,בגין,2019-12-31 00:00:00,,,223.7832,5.00000000000000,מדד המחירים לצרכן,,,,"
אפריקה ישראל מגורים בע""מ
יוני נתניהו 1 ג' אור יהודה
מ.ז 52-003476-0
","
ר.כהן ושות' מהנדסים יועצים לחשמל ואוטומציה (3000) בע""מ
מנחם בגין 42, רמת גן
511304552",,רעננה,6578,רנ/708,גרמן קגנובסקי,שלום גולדברגר,,רפי כהן או דורית לכטנשטרן,151,,,סביוני  רעננה  צפון,"ש""ח","ר.כהן ושות' בע""מ",,הקמה 150 יח''ד ומסחר על גבי חניון משותף,60 יום,Item,sites/Contracts/ProjectContractLibrary/סביוני רעננה צפון,סביוני רעננה צפון
CONT-10-1983,חוזה מתכנן חשמל ותקשורת.docx,מתכנן חשמל ותקשורת,,,,מורדות ארנונה,טיוטה,,,,100%,,,,,,,,,,,,,,,,,"א.מ. ישראל מגורים פיתוח בע""מ
יוני נתניהו 1 ג' אור יהודה
ת.ד. 715","סלומון מהנדסים בע""מ
             רח' אודם 6, פתח תקווה
                        4951789",,ירושלים,,,אבי ברטי לוי,אמיר טיקטין,,אמיר טיקטין,,,,"א.מ. ישראל מגורים פיתוח בע""מ",,"טיקטין תכנון חשמל בע""מ","טיקטין תכנון חשמל בע""מ","בניית יח""ד להשכרה, לרבות חניונים תת""ק ופיתוח צמוד",,Item,sites/Contracts/ProjectContractLibrary/מורדות ארנונה,מורדות ארנונה
CONT-10-2083,חוזה מתכנן חשמל ותקשורת.docx,מתכנן חשמל ותקשורת,2021-08-03 00:00:00,,,,אושר,2021-05-13 00:00:00,2027-03-31 21:00:00,מחיר קבוע/פאושלי,100,,0.2,,avic,,1,בגין,2021-05-12 00:00:00,,70,226.4666,5.00000000000000,מדד המחירים לצרכן,,,,"
אפריקה ישראל מגורים בע""מ
יוני נתניהו 1 ג' אור יהודה
מ.ז 52-003476-0
","
סער מהנדסים בע""מ
התעשיה 51 ת""ד 448  נשר  מ. 3660301
",,קרית אתא,גוש   10255  מגרשים 57-65,כ/248 ,"אבי כהן מחברת אפריקה ישראל מגורים בע""מ ",סער פנקס,6,סער פנקס ,,,,בגבעת הכלניות ( שם זמני ),"ש""ח","סער מהנדסים בע""מ","אפריקה ישראל מגורים בע""מ ",תכנון ויעוץ חשמל ותקשורת ,שוטף + 45,Item,sites/Contracts/ProjectContractLibrary/גבעת הכלניות - קרית אתא,גבעת הכלניות - קרית אתא
CONT-10-2138,חוזה מתכנן חשמל ותקשורת.docx,מתכנן חשמל ותקשורת,2021-01-01 00:00:00,,81900,,טיוטה,2020-12-16 00:00:00,2024-03-14 22:00:00,מחיר קבוע/פאושלי,,,,,dekelr,,2,ידוע,2020-12-15 00:00:00,,40,223.3374,5.00000000000000,מדד המחירים לצרכן,,,,"
אפריקה ישראל מגורים בע""מ
יוני נתניהו 1 ג' אור יהודה
מ.ז 52-003476-0
","
אסף בן אשר הנדסת חשמל
הברזל 31 תל אביב, 69710
",,נתניה,8256,נת / 556 / ב / 1,דקל רוקבן,,,,155,מגרש 1409,,נתניה - מגרש 1409,"ש""ח",אסף בן אשר הנדסת חשמל,,תכנון חשמל ותקשורת,45 יום,Item,sites/Contracts/ProjectContractLibrary/נתניה - מגרש 1409,נתניה - מגרש 1409
CONT-10-2162,חוזה מתכנן חשמל ותקשורת.docx,מתכנן חשמל ותקשורת,,,,רמת שרת שלב ב,טיוטה,,,,50%,,,,,,,,,,,,,,,,,"פ.א פיתוח ובנייה בירושלים בע""מ 
רח' יוני נתניהו 1 ג' אור יהודה ת.ד 715
513958009      ","ג. איטקין ע.בלום הנדסת חשמל בע""מ
רחוב יד חרוצים 4 ירושלים
513288274",,ירושלים,,,אבי ברטי לוי,,,,,,,"פ.א פיתוח ובנייה בירושלים בע""מ ",,"ג.איטקין ע.בלום הנדסת חשמל בע""מ","פ.א פיתוח ובנייה בירושלים בע""מ",,,Item,sites/Contracts/ProjectContractLibrary/רמת שרת שלב ב,רמת שרת שלב ב
CONT-10-2314,חוזה מתכנן חשמל ותקשורת.docx,מתכנן חשמל ותקשורת,,,,,טיוטה,,,,,,,,kooksec,,,,,,,,,,,,,"
ביתא רוטשילד בע""מ

515851194
","
נוב מערכות חשמל בע""מ
חלץ 2 חיפה
513929323
",,,,,,,,,,,,,,"נוב מערכות חשמל בע""מ",,,,Item,sites/Contracts/ProjectContractLibrary/רוטשילד חיפה,רוטשילד חיפה
CONT-10-2360,חוזה מתכנן חשמל ותקשורת.docx,מתכנן חשמל ותקשורת,2024-04-21 00:00:00,,280900,הכוזרי הרצליה,טיוטה,2022-02-16 00:00:00,2027-05-02 21:00:00,מחיר קבוע/פאושלי,50%,,0.6,,meryle,,2,ידוע,2022-02-15 00:00:00,,60,229.82,5.00000000000000,מדד המחירים לצרכן,,,,"
אפריקה התחדשות עירונית בע""מ
רח' יוני נתניהו 1, אור יהודה
514639525

מצלאוי חברה לבנין בע""מ
דרך רפאל איתן 1, קרית אונו
512726712
","
ר. כהן מהנדסים יועצים לחשמל ואוטומציה בע""מ
מנחם בגין 42, רמת גן

",,הרצליה,6538,504-0138628,מרול אטמן,שמעון אמסלם,,דור קדוש,420-423,,,הכוזרי,"ש""ח","ר. כהן מהנדסים יועצים לחשמל ואוטומציה בע""מ",,תכנון חשמל ותקשורת,60 יום,Item,sites/Contracts/ProjectContractLibrary/הכוזרי - הרצליה,הכוזרי - הרצליה
CONT-10-1864,חוזה מתכנן מיגון ומקלוט.docx,חוזה מיגון ומיקלוט,,,,,טיוטה,,,,,,,,Rinath,,,,,,,,,,,,,,צדדים נוספים,,,,,,,,,,,,,,,,,,Item,sites/Contracts/ProjectContractLibrary/סומייל,סומייל
CONT-10-1866,חוזה מתכנן מיגון ומקלוט.docx,חוזה מיגון ומיקלוט,,,,,טיוטה,,,,,,0.2,,Rinath,,,,,,,,,,,,,"
אפריקה ישראל מגורים בע""מ
יוני נתניהו 1 ג' אור יהודה
מ.ז 52-003476-0
מגדלי סומייל בע""מ
51-273707-3
אפרירם בע""מ
51-256212-5
",צדדים נוספים,,תל אביב-יפו,,,,,,,,,,סמל צפון מגרש 123,,,,תכנון מיגון ומקלוט,,Item,sites/Contracts/ProjectContractLibrary/סמל צפון מגרש 123,סמל צפון מגרש 123
CONT-10-1911,חוזה מתכנן מיגון ומקלוט.docx,חוזה מיגון ומיקלוט,,,33900,150 יח''ד ומסחר,טיוטה,,,מחיר קבוע/פאושלי,,,0.2,,germank,,,,,,,,,,,,,"
אפריקה ישראל מגורים בע""מ
יוני נתניהו 1 ג' אור יהודה
מ.ז 52-003476-0
","
א-סיפה בע''מ
דוד אליעזר 59/2 מודיעין
515148385
",,רעננה,"גוש 6578, חלקה 151",,,מיכאל ואטנמכר,איליה כצמן,,,,,סביוני  רעננה  צפון,"ש""ח",א-סיפה בע''מ,,הקמה 150 יח''ד ומסחר על גבי חניון משותף,שוטף + 60,Item,sites/Contracts/ProjectContractLibrary/סביוני רעננה צפון,סביוני רעננה צפון
CONT-10-2149,חוזה מתכנן מיגון ומקלוט.docx,חוזה מיגון ומיקלוט,2021-08-01 00:00:00,,12600,,טיוטה,2021-07-16 00:00:00,2024-11-12 20:00:00,מחיר קבוע/פאושלי,,,,,dekelr,,2,ידוע,2021-07-15 00:00:00,,40,226.6902,5.00000000000000,מדד המחירים לצרכן,,,,"
אפריקה ישראל מגורים בע""מ
יוני נתניהו 1 ג' אור יהודה
מ.ז 52-003476-0
","צדדים נוספים
מרחב מוגן- רמי לוי בע""מ
ת.ד. 9190 מושב ינוב
",,נתניה,8256,נת / 556 / ב / 1,דקל רוקבן,,,,155,מגרש 1409,,נתניה - מגרש 1409,"ש""ח","מרחב מוגן- רמי לוי בע""מ",,תכנון מיגון,45 יום,Item,sites/Contracts/ProjectContractLibrary/נתניה - מגרש 1409,נתניה - מגרש 1409
CONT-10-2176,חוזה מתכנן מיגון ומקלוט.docx,חוזה מיגון ומיקלוט,2022-04-06 00:00:00,,,נשר,טיוטה,2022-04-27 00:00:00,,מחיר קבוע/פאושלי,,,0.3,,avic,,1,בגין,2022-02-09 00:00:00,,,231.3849,5.00000000000000,מדד המחירים לצרכן,,,,"
אפריקה ישראל מגורים בע""מ
יוני נתניהו 1 ג' אור יהודה
מ.ז 52-003476-0

כלל נכסי נדלן נשר מרכז (נ.נ.נ.מ) שותפות מוגבלת
מרכז עזריאלי בניין משולש 3, תל אביב
540283033

שיכון ובינוי נדל""ן בע""מ
שלם 3 רמת גן 52215
מ.ז 52-002117-1
","
קרפל ייעוץ והנדסת מיגון
שדרות נים 2  , ראשון לציון

",,נשר,חלקה 1 בגוש 11170 וכן חלק מחלקה 1 בגוש 11118,355-0359364 ( מכ/866 ),"אבי כהן מחברת אפריקה ישראל מגורים בע""מ ",ערן קרפל,3,ערן קרפל,,,,אגמי הכרמל ,"ש""ח",קרפל ייעוץ והנדסת מיגון,,יועץ מיגון בפרוקיט ,שוטף + 45,Item,sites/Contracts/ProjectContractLibrary/נשר,נשר
CONT-10-2188,חוזה מתכנן מיגון ומקלוט.docx,חוזה מיגון ומיקלוט,,,,מורדות ארנונה,טיוטה,,,מחיר קבוע/פאושלי,100,,,,kooksec,,,,,,26,,,,,,,"
א.מ. ישראל מגורים פיתוח בע""מ
יוני נתניהו 1 ג' אור יהודה
513313148
","צדדים נוספים
מרחב מוגן רמי לוי בע""מ
ת.ד 230 מושב אודים 4290500
514475201
",,ירושלים,,,אבי ברטי לוי,רמי לוי,,רמי לוי,,,,"א.מ ישראל מגורים יזמות בע""מ","ש""ח","מרחב מוגן רמי לוי בע""מ",,"תכנון למרחבים מוגנים לבנייני מגורים ל-9 קומות כולל מסחר כ-230 יח""ד",45 יום,Item,sites/Contracts/ProjectContractLibrary/מורדות ארנונה,מורדות ארנונה
CONT-10-2298,חוזה מתכנן מיגון ומקלוט.docx,חוזה מיגון ומיקלוט,,,,סביוני רמת שרת,טיוטה,,,,,,,,,,,,,,,,,,,,,"פ.א פיתוח ובנייה בירושלים בע""מ
יוני נתניהו 1 ג' אור יהודה ת.ד 715
513958009","קרפל יעוץ והנדסת מיגון בע""מ
            רח' שדרות נים 2 , ראשון לציון 
            ",,ירושלים,,,אבי ברטי לוי,,,,,,,"פ.א פיתוח ובנייה בירושלים בע""מ",,"קרפל יעוץ והנדסת מיגון בע""מ","פ.א פיתוח ובנייה בירושלים בע""מ",,,Item,sites/Contracts/ProjectContractLibrary/רמת שרת שלב ב,רמת שרת שלב ב
CONT-10-2322,חוזה מתכנן מיגון ומקלוט.docx,חוזה מיגון ומיקלוט,,,,,טיוטה,,,,50%,,,,kooksec,,,,,,,,,,,,,"
ביתא רוטשילד בע""מ
יוני נתניהו 1 ג' אור יהודה ת.ד 715
515851194
","צדדים נוספים
ק.א.מ.ן יעוץ מיגון בע""מ
עלית נוער 42 ת""א
511874067
",,חיפה,,,,,,,,,,,,"ק.א.מ.ן יעוץ מיגון בע""מ",,,,Item,sites/Contracts/ProjectContractLibrary/רוטשילד חיפה,רוטשילד חיפה
CONT-10-2361,חוזה מתכנן מיגון ומקלוט.docx,חוזה מיגון ומיקלוט,2024-10-09 00:00:00,,25500,הכוזרי הרצליה,טיוטה,2023-12-07 00:00:00,2028-11-09 22:00:00,מחיר קבוע/פאושלי,50%,,0.6,,meryle,,,,,,60,,7.00000000000000,מדד נומינלי,,,,"
אפריקה התחדשות עירונית בע""מ
רח' יוני נתניהו 1, אור יהודה
514639525


מצלאוי חברה לבנין בע""מ
דרך רפאל איתן 1, קרית אונו
512726712
","
קרפל ייעוץ והנדסת מיגון
רח' הנפת הדגל 5, נס ציונה

",,הרצליה,גוש 6538,504-0138628,מרול אטמן,ערן קרפל,,ערן קרפל,420-423,,,הכוזרי,"ש""ח",קרפל ייעוץ והנדסת מיגון,,ייעוץ מיגון,60 יום,Item,sites/Contracts/ProjectContractLibrary/הכוזרי - הרצליה,הכוזרי - הרצליה
CONT-10-2469,חוזה מתכנן מיגון ומקלוט.docx,חוזה מיגון ומיקלוט,,,,,טיוטה,,,,100%,,,,kooksec,,,,,,,,,,,,,"אפריקה התחדשות עירונית בע""מ

יוני נתניהו 1 ג' אור יהודה ת.ד 715

514639525","קרפל יעוץ והנדסת מיגון בע""מ

            רח' הנפת הדגל 5 נס ציונה

            511759706",,תל אביב-יפו,,,,,,,,,,דרך השלום 71-75,,"קרפל יעוץ והנדסת מיגון בע""מ","אפריקה התחדשות עירונית בע""מ",,,Item,sites/Contracts/ProjectContractLibrary/דרך השלום - תא,דרך השלום - תא
CONT-10-2384,חוזה מתכנן מיזוג אוויר - ניסיון.docx,מיזוג אויר,,,,,טיוטה,,,,,,,,ella.b,,,,,,,,,,,,,"
אפריקה התחדשות עירונית בע""מ

514639525
",,,,,,,,,,,,,,,,,,,Item,sites/Contracts/ProjectContractLibrary/רוטשילד חיפה,רוטשילד חיפה
CONT-10-1399,חוזה מתכנן מיזוג אוויר.docx,מיזוג אויר,2019-06-12 00:00:00,,563000,אנדריוס,טיוטה,2014-01-08 00:00:00,2027-03-01 00:00:00,מחיר קבוע/פאושלי,100%,,0.10,,avic,,1,בגין,2014-01-07 00:00:00,,160,222.483,5.00000000000000,מדד המחירים לצרכן,,,,"
אפריקה ישראל מגורים בע""מ
יוני נתניהו 1 ג' אור יהודה
מ.ז 52-003476-0
","
ש. גלבוע מהנדסים יועצים
בן גוריון 22 הרצליה
",, נתניה,"8271  ח""ח 130 132  133",נת/41/5521,"אבי כהן מאפריקה ישראל מגורים בע""מ", יניב בורנשטיין ,8,ארז גלבוע ,,,,סביוני סיטי אנדריוס נתניה ,"ש""ח",ש. גלבוע מהנדסים יועצים,,"תכנון ויעוץ אוורור , מזוג אויר בפרויקט ",שוטף + 45,Item,sites/Contracts/ProjectContractLibrary/אנדריוס,אנדריוס
CONT-10-1915,חוזה מתכנן מיזוג אוויר.docx,מיזוג אויר,2018-05-19 00:00:00,,99621,נס ציונה מחיר למשתכן,טיוטה,2018-05-20 00:00:00,2020-05-08 21:00:00,מחיר קבוע/פאושלי,100,,,,kooksec,,2,,,,24,,11.0000000000000,שקל חדש,,,,,"
שאול שמיל - מהנדסים ויועצים
תל אביב

",,נס ציונה ,,,,,,,,,,"א.מ ישראל מגורים יזמות בע""מ","ש""ח",שאול שמיל - מהנדסים ויועצים,"א.מ. ישראל מגורים יזמות בע""מ","תכנון מיזוג אויר ואיוורור עבור 216 יח""ד ",שוטף + 45,Item,sites/Contracts/ProjectContractLibrary/נס ציונה מחיר למשתכן,נס ציונה מחיר למשתכן
CONT-10-1931,חוזה מתכנן מיזוג אוויר.docx,מיזוג אויר,,,,,טיוטה,,,,,,,,einave,,,,,,,,,,,,,,,,,,,,,,,,,,,,,,,,Item,sites/Contracts/ProjectContractLibrary/פרויקט ניסיון,פרויקט ניסיון
CONT-10-1934,חוזה מתכנן מיזוג אוויר.docx,מיזוג אויר,,,198000,סביוני רעננה צפון,טיוטה,2020-01-01 00:00:00,,מחיר קבוע/פאושלי,,,0.3,,germank,,1,בגין,2019-12-31 00:00:00,,,223.7832,5.00000000000000,מדד המחירים לצרכן,,,,"
אפריקה ישראל מגורים בע""מ
יוני נתניהו 1 ג' אור יהודה
מ.ז 52-003476-0
","
מ.דורון-י.שחר מהנדסים יועצים בע''מ
עליית נוער 40 ת''א
510868961
",,רעננה,6578,רע/708,שלמה ברגר,שלמה ברגר,,,151,,,הקמה 150 יח''ד ומסחר על גבי החניון תת קרקעי,"ש""ח",מ.דורון-י.שחר מהנדסים יועצים בע''מ,,הקמה 150 יח''ד ומסחר על גבי חניון משותף,60 יום,Item,sites/Contracts/ProjectContractLibrary/סביוני רעננה צפון,סביוני רעננה צפון
CONT-10-2137,חוזה מתכנן מיזוג אוויר.docx,מיזוג אויר,2021-01-01 00:00:00,,89964,,טיוטה,2021-01-01 00:00:00,,מחיר קבוע/פאושלי,,,,,dekelr,,2,,2020-12-15 00:00:00,,40,,5.00000000000000,מדד המחירים לצרכן,,,,"
אפריקה ישראל מגורים בע""מ
יוני נתניהו 1 ג' אור יהודה
מ.ז 52-003476-0
","
אהוד ויסברג מהנדסים יועצים בע""מ
מרח' ירושלים 10 חיפה
",,נתניה,8256,נת / 556 / ב / 1,דקל רוקבן,,,,155,מגרש 1409,,נתניה - מגרש 1409,"ש""ח","אהוד ויסברג מהנדסים יועצים בע""מ",,תכנון מיזוג אוויר,45 יום,Item,sites/Contracts/ProjectContractLibrary/נתניה - מגרש 1409,נתניה - מגרש 1409
CONT-10-2235,חוזה מתכנן מיזוג אוויר.docx,מיזוג אויר,,,,רמת שרת שלב ב,טיוטה,,,מחיר קבוע/פאושלי,,,,,kooksec,,2,,,,,,5.00000000000000,מדד המחירים לצרכן,,,,"פ.א פיתוח ובנייה בירושלים בע""מ
יוני נתניהו 1 ג' אור יהודה ת.ד 715
513958009","
א.פ מהנדסי מיזוג אויר ואנרגיה בע""מ
בן גוריון 1 בני ברק מגדל ב.ס.ר 2 ק'10
513160069
",,ירושלים,,,אבי ברטי לוי,,,,,,,"פ.א פיתוח ובנייה בירושלים בע""מ","ש""ח","א.פ מהנדסי מיזוג אויר ואנרגיה בע""מ",,"תכנון ופיקוח עליון על פרויקט מגורים הכולל מסחר וחניונים הכולל 2 מגדלי מגורים בני 19 קומות כ""א בסך: 278 יח""ד ומסחר כ2000 מ""ר בקומת קרקע וחניון תת""ק של כ-22,300 מ""ר",45 יום,Item,sites/Contracts/ProjectContractLibrary/רמת שרת שלב ב,רמת שרת שלב ב
CONT-10-2236,חוזה מתכנן מיזוג אוויר.docx,מיזוג אויר,2020-11-15 00:00:00,,425298,מורדות ארנונה,טיוטה,,,מחיר קבוע/פאושלי,100%,,,,kooksec,,2,,,,,,5.00000000000000,מדד המחירים לצרכן,,,,"
א.מ. ישראל מגורים פיתוח בע""מ
יוני נתניהו 1 ג' אור יהודה
513313148
","
שאול שמיל מהנדסים יועצים
קהילת קובנה 15 ת""א  61530
065426645
",,ירושלים,,,אבי ברטי לוי,שאול שמיל,,שאול שמיל,,,,"א.מ ישראל מגורים פיתוח בע""מ","ש""ח",שאול שמיל מהנדסים יועצים,,"תכנון הכנות למ""א דירתי (מיני מרכזי) פרויקט מגורים הכולל מסחר וחניונים הכולל 2 מגדלי מגורים בני 19 קומות כ""א בסך: 200 יח""ד בתשעה בניינים ",45 יום,Item,sites/Contracts/ProjectContractLibrary/מורדות ארנונה,מורדות ארנונה
CONT-10-2311,חוזה מתכנן מיזוג אוויר.docx,מיזוג אויר,,,,,טיוטה,,,,,,,,kooksec,,,,,,,,,,,,,"
ביתא רוטשילד בע""מ

515851194
","
א.א מהנדסים יועצים בע""מ
ת.ד 1125 א.ת קרית ביאליק
514663541
",,חיפה,,,,,,,,,,,,"א.א מהנדסים יועצים בע""מ",,,,Item,sites/Contracts/ProjectContractLibrary/רוטשילד חיפה,רוטשילד חיפה
CONT-10-2476,חוזה מתכנן מעליו1.docx,מתכנן מעליות,,,,,טיוטה,,,מחיר קבוע/פאושלי,100%,,,,kooksec,,1,,,,,,,,,,,"
אפריקה התחדשות עירונית בע""מ
יוני נתניהו 1 ג' אור יהודה ת.ד 715
514639525
","
וי. אי .אס הנדסה בע""מ
תובל 40 רמת גן
511262164
",,תל אביב-יפו,,,,,,,,,,דרך השלום 71-75,,"וי. אי .אס הנדסה בע""מ","אפריקה התחדשות עירונית בע""מ",,,Item,sites/Contracts/ProjectContractLibrary/דרך השלום - תא,דרך השלום - תא
CONT-10-1918,חוזה מתכנן מעליות.docx,מתכנן מעליות,2019-01-10 00:00:00,,9000,נס ציונה מחיר למשתכן,טיוטה,2019-01-10 00:00:00,2020-12-29 22:00:00,מחיר קבוע/פאושלי,100,,,,kooksec,,2,,,,24,,11.0000000000000,שקל חדש,,,,"
א.מ. ישראל מגורים יזמות בע""מ
יוני נתניהו 1 אור יהודה
514957794
","
וי. אי. אס הנדסה בע""מ
הצורן 4 ג' נתניה
511262164
",,נס ציונה,,,אבי ברטי לוי,,,,,,,"א.מ ישראל מגורים יזמות בע""מ","ש""ח","וי. אי. אס הנדסה בע""מ",,"תכנון כולל פיקוח עליון של יח""ד ב-6 מבנים, מגרשים: 30,31,32",שוטף + 45,Item,sites/Contracts/ProjectContractLibrary/נס ציונה מחיר למשתכן,נס ציונה מחיר למשתכן
CONT-10-2029,חוזה מתכנן מעליות.docx,מתכנן מעליות,,,33000,סביוני רעננה צפון,טיוטה,2020-03-01 00:00:00,,מחיר קבוע/פאושלי,,,0.2,,germank,,1,בגין,2020-02-29 00:00:00,,,224.4519,5.00000000000000,מדד המחירים לצרכן,,,,"
אפריקה ישראל מגורים בע""מ
יוני נתניהו 1 ג' אור יהודה
מ.ז 52-003476-0
","
וי.אי.אס. הנדסה בע""מ
הצורן 6 א.ת. נתניה
",,רעננה,6585,רן/708,גרמן קגנובסקי ,מולי ויטקין,2,מרינה מזין,151,,,סביוני רעננה ,"ש""ח","וי.אי.אס. הנדסה בע""מ",,הקמת 150 יח''ד ומסחר על גבי חניון תת קרקעי,45 יום,Item,sites/Contracts/ProjectContractLibrary/סביוני רעננה צפון,סביוני רעננה צפון
CONT-10-2045,חוזה מתכנן מעליות.docx,מתכנן מעליות,,,,מורדות ארנונה,טיוטה,,,,100%,,,,,,,,,,,,,,,,,"א.מ. ישראל מגורים פיתוח בע""מ
יוני נתניהו 1 ג' אור יהודה
513313148
","וי.אי. אס הנדסה בע""מ
הצורן 4 ג' נתניה
511262164",,ירושלים,,,אבי ברטי לוי,מולי ויתקין,,מולי ויתקין,,,,"א.מ. ישראל מגורים פיתוח בע""מ",,"וי.אי. אס הנדסה בע""מ","א.מ. ישראל מגורים פיתוח בע""מ",,,Item,sites/Contracts/ProjectContractLibrary/מורדות ארנונה,מורדות ארנונה
CONT-10-2097,חוזה מתכנן מעליות.docx,מתכנן מעליות,2021-07-14 00:00:00,,,,אושר,2020-12-17 00:00:00,2028-04-04 21:00:00,מחיר קבוע/פאושלי,100,,0.2,,avic,,1,בגין,2020-12-16 00:00:00,,80,222.8896,5.00000000000000,מדד המחירים לצרכן,,,,"
אפריקה ישראל מגורים בע""מ
יוני נתניהו 1 ג' אור יהודה
מ.ז 52-003476-0
","
וי.אי.אס. הנדסה בע""מ
הצורן 4  נתניה   ח.פ.    511262164

",,קרית אתא,10255    ,כ/248,"אבי כהן מחברת אפריקה ישראל מגורים בע""מ ",מולי ויתקין ,5,מולי ויתקין ,מגרשים 57-65,,,גבעת הכלניות ( שם זמני ),"ש""ח","וי.אי.אס. הנדסה בע""מ",,יועץ ומתכנן מעליות בפרוקיט ,שוטף + 45,Item,sites/Contracts/ProjectContractLibrary/גבעת הכלניות - קרית אתא,גבעת הכלניות - קרית אתא
CONT-10-2139,חוזה מתכנן מעליות.docx,מתכנן מעליות,2021-01-01 00:00:00,,24000,,טיוטה,2020-12-16 00:00:00,2024-07-13 21:00:00,מחיר קבוע/פאושלי,,,,,dekelr,,2,,2020-12-15 00:00:00,,40,,5.00000000000000,מדד המחירים לצרכן,,,,"
אפריקה ישראל מגורים בע""מ
יוני נתניהו 1 ג' אור יהודה
מ.ז 52-003476-0
","
וי.אי.אס. הנדסה בע""מ
הצורן 6 א.ת. נתניה
",,נתניה,8256,נת / 556 / ב / 1,דקל רוקבן,,,,155,מגרש 1409,,נתניה - מגרש 1409,"ש""ח","וי.אי.אס. הנדסה בע""מ",,תכנון מעליות,45 יום,Item,sites/Contracts/ProjectContractLibrary/נתניה - מגרש 1409,נתניה - מגרש 1409
CONT-10-2170,חוזה מתכנן מעליות.docx,מתכנן מעליות,2022-02-28 00:00:00,,,רויקט,אושר,2022-01-21 00:00:00,,מחיר קבוע/פאושלי,,,0.5,,avic,,2,ידוע,2022-01-20 00:00:00,,,229.82,5.00000000000000,מדד המחירים לצרכן,,,,"
אפריקה ישראל מגורים בע""מ
יוני נתניהו 1 ג' אור יהודה
מ.ז 52-003476-0

כלל נכסי נדלן נשר מרכז (נ.נ.נ.מ) שותפות מוגבלת
מרכז עזריאלי בניין משולש 3, תל אביב
540283033

שיכון ובינוי נדל""ן בע""מ
שלם 3 רמת גן 52215
מ.ז 52-002117-1
","
מובמנט תנועה אנכי בע""מ
רחוב שקנאי 5א  הוד השרון 

",,נשר,חלקה 1 בגוש 11170 וכן חלק מחלקה 1 בגוש 11118,מכ/886   355-0359364,"אבי כהן מחברת אפריקה ישראל מגורים בע""מ ",גיל אפרים,1,גיל אפרים,,,,אגמי הכרמל ,"ש""ח","מובמנט תנועה אנכי בע""מ",,,שוטף + 60,Item,sites/Contracts/ProjectContractLibrary/נשר,נשר
CONT-10-2184,חוזה מתכנן מעליות.docx,מתכנן מעליות,,,,רמת שרת – מתחם דרומי,טיוטה,,,,50%,,,,,,,,,,,,,,,,,"פ.א פיתוח ובנייה בירושלים בע""מ 
רח' יוני נתניהו 1 ג' אור יהודה ת.ד 715
513958009","לוסטיג ויתקין יועצים בע""מ
רח' באר טוביה 5 ת""א
516093721

",,ירושלים,,,אבי ברטי לוי,,,,,,,"פ.א פיתוח ובנייה בירושלים בע""מ",,"לוסטיג ויתקין יועצים בע""מ","פ.א פיתוח ובנייה בירושלים בע""מ",,,Item,sites/Contracts/ProjectContractLibrary/רמת שרת שלב ב,רמת שרת שלב ב
CONT-10-2321,חוזה מתכנן מעליות.docx,מתכנן מעליות,,,,,טיוטה,,,,50%,,,,kooksec,,,,,,,,,,,,,"
ביתא רוטשילד בע""מ
יוני נתניהו 1 ג' אור יהודה ת.ד 715
515851194
","
מולי ויתקין יועצים בע""מ
תובל 40 רמת גן
510516107
",,חיפה,,,,,,,,,,,,"מולי ויתקין יועצים בע""מ",,,,Item,sites/Contracts/ProjectContractLibrary/רוטשילד חיפה,רוטשילד חיפה
CONT-10-2355,חוזה מתכנן מעליות.docx,מתכנן מעליות,2024-03-03 00:00:00,,58500,הכוזרי הרצליה,טיוטה,2022-03-12 00:00:00,2027-02-12 22:00:00,מחיר קבוע/פאושלי,50%,,0.6,,meryle,,1,בגין,2022-03-11 00:00:00,,60,232.7263,5.00000000000000,מדד המחירים לצרכן,,,,"
אפריקה התחדשות עירונית בע""מ
רח' יהונתן נתניהו 1, אור יהודה
514639525

מצלאוי חברה לבנין בע""מ
דרך רפאל איתן 1, קרית אונו
512726712
","
אפיק אוברמן ניב
אפעל 22, פתח תקווה
557386323
",,הרצליה,6538,504-0138628,מרול אטמן,דוד ניב,,דוד ניב,420-423,,,הכוזרי,"ש""ח",אפיק אוברמן ניב,,תכנון מעליות,60 יום,Item,sites/Contracts/ProjectContractLibrary/הכוזרי - הרצליה,הכוזרי - הרצליה
CONT-10-2366,חוזה מתכנן מעליות.docx,מתכנן מעליות,,,95746,אופיס אזור,טיוטה,,,מחיר קבוע/פאושלי,100%,,,,kooksec,,,,,,,,5.00000000000000,מדד המחירים לצרכן,,,,"
אפריקה ישראל מגורים בע""מ
יוני נתניהו 1 ג' אור יהודה
מ.ז 52-003476-0
","
וי. אי .אס הנדסה בע""מ
הצורן 4 נתניה
511262164
",,גבעת שמואל,6001,554-0905372,,,,,"115,142, 140",מגרשים 201 ו-202,,מתחם אזור,"ש""ח","וי. אי .אס הנדסה בע""מ",,"פרויקט מגורים בעירוב שימושים הכולל 443 יח""ד ב6",שוטף + 45,Item,sites/Contracts/ProjectContractLibrary/אופיס - אזור,אופיס - אזור
CONT-10-1922,חוזה מתכנן קונסטרוקצי1.docx,מתכנן קונסטרוקציה,2020-07-14 00:00:00,,1500000,אנדריוס,אושר,2014-01-16 00:00:00,2025-05-03 23:00:00,מחיר קבוע/פאושלי,100%,,0.6,,avic,,1,,2014-01-15 00:00:00,,90,,5.00000000000000,מדד המחירים לצרכן ,,,,"
אפריקה ישראל מגורים בע""מ
יוני נתניהו 1 ג' אור יהודה
מ.ז 52-003476-0
","
דוד מהנדסים בע""מ
גוש עציון 7 גבעת שמואל
",,נתניה,8271,נת/41/5521,"אבי כהן מאפריקה ישראל מגורים בע""מ",שגיא ,10,ישראל דוד ,133-13000132,,,שם הפרויקט - סביוני סיטי אנדריוס ,"ש""ח","דוד מהנדסים בע""מ",,תכנון יעוץ ופקוח עליון קונסטרוקציה ,שוטף + 45,Item,sites/Contracts/ProjectContractLibrary/אנדריוס,אנדריוס
CONT-10-1821,חוזה מתכנן קונסטרוקציה קרבן.docx,מתכנן קונסטרוקציה,2021-09-15 00:00:00,,,,אושר,2019-01-01 00:00:00,2026-04-05 21:00:00,,100,,1.0,,avic,,1,בגין,2019-01-01 00:00:00,,80,223.3,5.00000000000000,מדד המחירים לצרכן,,,,"
אפריקה ישראל מגורים בע""מ
יוני נתניהו 1 ג' אור יהודה
מ.ז 52-003476-0
","
קרבן ושות' חב' להנדסה
הפרחים 9            חיפה
",,קרית אתא ,10255,כ/248,"אבי כהן מחברת אפריקה ישראל מגורים בע""מ ",יוסי מנצ'ק,8,יוסי מנצ'ק,,,,גבעת הכלניות ( שם זמני ),"ש""ח",קרבן ושות' חב' להנדסה,,"תכנון ויעוץ קונסטרוקציה בבנינים , במגרשים לרבות מרתפים פיתוח צמוד בנינים במגרשים ",שוטף + 45,Item,sites/Contracts/ProjectContractLibrary/גבעת הכלניות - קרית אתא,גבעת הכלניות - קרית אתא
CONT-10-1892,חוזה מתכנן קונסטרוקציה.docx,מתכנן קונסטרוקציה,,,591250,סביוני רעננה צפון,טיוטה,2020-01-01 00:00:00,,מחיר קבוע/פאושלי,,,0.4,,germank,,,,,,,,,,,,,"אפריקה ישראל בע''מ מ.ח. 520034760
מרח' יהונתן נתניהו 1.ג' , אור יהודה","
טומי עברון הנדסת בניין בע''מ
רח' המעיין 5 הרצליה
513247015
",,רעננה,גוש 6578 חלקה 151,רנ/708,גרמן קגנובסקי,משה סיטון,,משה סיטון,,,,סביוני  רעננה  צפון,"ש""ח",טומי עברון הנדסת בניין בע''מ,"אפריקה ישראל מגורים בע""מ",הקמה 150 יח''ד ומסחר ,,Item,sites/Contracts/ProjectContractLibrary/סביוני רעננה צפון,סביוני רעננה צפון
CONT-10-1982,חוזה מתכנן קונסטרוקציה.docx,מתכנן קונסטרוקציה,,,,מורדות ארנונה,טיוטה,,,,100%,,,,,,,,,,,,,,,,,"א.מ. ישראל מגורים פיתוח בע""מ
יוני נתניהו 1 ג' אור יהודה
513313148","י. כהן ושות' חברה לתכנון הנדסי בע""מ 
הרב בלוך 5 דירה 21 קרית יערים טלזסון
510587132",,ירושלים,,,אבי ברטי לוי,יצחק כהאן,,זיו סלומון,,,,"א.מ. ישראל מגורים פיתוח בע""מ",,"י. כהן ושות' חברה לתכנון הנדסי בע""מ","א.מ. ישראל מגורים פיתוח בע""מ",,,Item,sites/Contracts/ProjectContractLibrary/מורדות ארנונה,מורדות ארנונה
CONT-10-1992,חוזה מתכנן קונסטרוקציה.docx,מתכנן קונסטרוקציה,2021-03-10 00:00:00,,,אגמי הכרמל ,אושר,2020-11-26 00:00:00,2033-04-05 23:00:00,מחיר קבוע/פאושלי,,,0.5,,avic,,2,ידוע,2020-11-25 00:00:00,,150,223.3374,5.00000000000000,מדד המחירים לצרכן,,,,"
אפריקה ישראל מגורים בע""מ
יוני נתניהו 1 ג' אור יהודה
מ.ז 52-003476-0

כלל נכסי נדלן נשר מרכז (נ.נ.נ.מ) שותפות מוגבלת
מרכז עזריאלי בניין משולש 3, תל אביב
540283033

שיכון ובינוי נדל""ן בע""מ
שלם 3 רמת גן 52215
מ.ז 52-002117-1
","
יוסי שירן- הנדסת בנין בע""מ
טשרניחובסקי 37 חיפה
",,נשר,11170,355-0359364 ( מכ/866 ),אבי כהן ,יוסי שירן ,6,יוסי שירן ,1,,,פרויקט אגמי הכרמל – נשר ,"ש""ח","יוסי שירן- הנדסת בנין בע""מ",,תכנון ויעוץ קונסטורקציה ,שוטף + 60,Item,sites/Contracts/ProjectContractLibrary/נשר,נשר
CONT-10-2107,חוזה מתכנן קונסטרוקציה.docx,מתכנן קונסטרוקציה,,,,נס ציונה מחיר למשתכן,טיוטה,,,מחיר קבוע/פאושלי,100,,0.3,,kooksec,,2,,,,,,5.00000000000000,מדד המחירים לצרכן,,,,"
א.מ. ישראל מגורים יזמות בע""מ
יוני נתניהו 1 אור יהודה
514957794","
אמי מתום מהנדסים ויועצים בע""מ
רחוב יבנה 3 חיפה ת.ד 4579
510648272
",,נס ציונה,3642,מגרשים 30/31/32,אבי ברטי לוי,גבי טרכטנברג,,גבי טרכטנברג,14,,,"א.מ ישראל מגורים יזמות בע""מ","ש""ח","אמי מתום מהנדסים ויועצים בע""מ",,,45 יום,Item,sites/Contracts/ProjectContractLibrary/נס ציונה מחיר למשתכן,נס ציונה מחיר למשתכן
CONT-10-2136,חוזה מתכנן קונסטרוקציה.docx,מתכנן קונסטרוקציה,,,478800,נתניה - מגרש 1409,טיוטה,2020-12-16 00:00:00,2024-04-14 23:00:00,מחיר קבוע/פאושלי,,,,,dekelr,,2,ידוע,2020-12-15 00:00:00,,40,223.3374,5.00000000000000,מדד המחירים לצרכן,,,,"
אפריקה ישראל מגורים בע""מ
יוני נתניהו 1 ג' אור יהודה
מ.ז 52-003476-0
","
דוד מהנדסים בע""מ
גוש עציון 7 גבעת שמואל
",,נתניה,8256,נת / 556 / ב / 1,דקל רוקבן,,,,155,מגרש 1409,,נתניה - מגרש 1409,"ש""ח","דוד מהנדסים בע""מ",,תכנון קונסטרוקציה,שוטף + 45,Item,sites/Contracts/ProjectContractLibrary/נתניה - מגרש 1409,נתניה - מגרש 1409
CONT-10-2186,חוזה מתכנן קונסטרוקציה.docx,מתכנן קונסטרוקציה,,,668750,רמת שרת שלב ב,טיוטה,2023-01-01 00:00:00,,מחיר קבוע/פאושלי,50%,,,,kooksec,,2,,,,36,,5.00000000000000,מדד המחירים לצרכן,,,,"
אפריקה ישראל מגורים בע""מ
יוני נתניהו 1 ג' אור יהודה
מ.ז 52-003476-0
","
תנובת הארץ וירושלים בע""מ
בנין שערי העיר יפו 213 ירושלים
513689976
",,ירושלים,,,,,,,,,,"פ.א פיתוח ובנייה בירושלים בע""מ",,"תנובת הארץ וירושלים בע""מ",,"תכנון ופיקוח עליון על פרויקט מגורים הכולל מסחר וחניונים הכולל 2 מגדלי מגורים בני 19 קומות כ""א בסך: 278 יח""ד ומסחר כ2000 מ""ר בקומת קרקע וחניון תת""ק של כ-22,300 מ""ר",,Item,sites/Contracts/ProjectContractLibrary/רמת שרת שלב ב,רמת שרת שלב ב
CONT-10-2310,חוזה מתכנן קונסטרוקציה.docx,מתכנן קונסטרוקציה,,,,,טיוטה,,,,,,,,kooksec,,,,,,,,,,,,,"
ביתא רוטשילד בע""מ

515851194
","
אנונו רפי הנדסת מבנים בע""מ
רחוב שדרות המגינים 53, חיפה
513754564
",,חיפה,,,,,,,,,,,,"אנונו רפי הנדסת מבנים בע""מ",,,,Item,sites/Contracts/ProjectContractLibrary/רוטשילד חיפה,רוטשילד חיפה
CONT-10-2344,חוזה מתכנן קונסטרוקציה.docx,מתכנן קונסטרוקציה,2024-07-07 00:00:00,,865560,הכוזרי הרצליה,טיוטה,2023-12-25 00:00:00,2027-12-02 22:00:00,מחיר קבוע/פאושלי,50%,,0.9,,meryle,,2,ידוע,2023-12-24 00:00:00,,48,,7.00000000000000,מדד נומינלי,,,,"
אפריקה התחדשות עירונית בע""מ
יהונתן נתניהו 1, אור יהודה
514639525

מצלאוי חברה לבנין בע""מ
דרך רפאל איתן 1, קרית אונו
512726712
","
שילר אורן הנדסה בע""מ
רח' משה סנה 21, תל אביב

",,הרצליה,6538,504-0138628,מרול אטמן,ערן שילר,,ערן שילר,420-423,,,הכוזרי,"ש""ח","שילר אורן הנדסה בע""מ",,תכנון קונסטרוקציה,60 יום,Item,sites/Contracts/ProjectContractLibrary/הכוזרי - הרצליה,הכוזרי - הרצליה
CONT-10-1970,חוזה מתכנן קונסטרוקציה1.docx,מתכנן קונסטרוקציה,,,1384987,נרקיסים,טיוטה,,,מחיר קבוע/פאושלי,,,0.4,,germank,,,,,,,,,,,,,"
א.מ.ד.ס מחיר למשתכן
יהונתן נתניהו 1ג', אור יהודה
ש.ר 540274883
","
אבנר איזדיאן מהנדסים בע''מ
בר כוכבא 16, בני ברק
514187251
",,ראשון לציון ,"4240,4241",413-0180570,קובי רפא,אבנר איזידיאן,7,אבנר איזידיאן,מגרשים 4.5.6.8.9.29.30,,,נרקיסים ראשון לציון,"ש""ח",אבנר איזדיאן מהנדסים בע''מ,,הקמת 554 יח''ד בראשון לציון ,שוטף + 30,Item,sites/Contracts/ProjectContractLibrary/נרקיסים,נרקיסים
CONT-10-2334,חוזה מתכנן תנועה רקאוז חן הנדסת כבישים טיוטה 1.docx,מתכנן תנועה,,,311000,הרצליה,טיוטה,2023-08-16 00:00:00,,מחיר קבוע/פאושלי,,,0.6,,germank,,1,בגין,2023-02-15 00:00:00,,,103.2,5.00000000000000,מדד המחירים לצרכן,,,,"
אולפני הרצליה -ע . משותפת אפריקה ישראל מגורים, תדהר וע. לוזון

558426227
","
אייל קראוס הנדסת כבישים
ת.ד. 45174 ירושלים
",,הרצליה,6424,הר/2180,גרמן קגנובסקי ,אייל קראוס,,,148,,,אולפני הרצליה,"ש""ח",אייל קראוס הנדסת כבישים,,הקמת 310 יח''ד על גבי חניון תת קרקעי משותף ומסחר,45 יום,Item,sites/Contracts/ProjectContractLibrary/אולפני הרצליה,אולפני הרצליה
CONT-10-1874,חוזה מתכנן תנועה.docx,מתכנן תנועה,2018-12-30 00:00:00,,129000,נס ציונה מחיר למשתכן,טיוטה,2018-12-30 00:00:00,2022-09-09 23:00:00,מחיר קבוע/פאושלי,100,,0.2,,kooksec,,2,הידוע ב 30/12/18,,,45,223.333,,מדד המחירים לצרכן ,,,,"
א.מ ישראל מגורים יזמות בע""מ.
מ.ז 514957794
",אייל קראוס הנדסת ,,נס ציונה,,,,,,,,,,"א.מ ישראל מגורים יזמות בע""מ","ש""ח","אייל קראוס הנדסת כבישים בע""מ","א.מ ישראל מגורים יזמות בע""מ","ייעוץ תנועה וחניה הכולל 180 יח""ד ב-3 ממגרשים. התכנון יבוצע לצורך היתר בניה :תכנון מפורט",שוטף + 30,Item,sites/Contracts/ProjectContractLibrary/נס ציונה מחיר למשתכן,נס ציונה מחיר למשתכן
CONT-10-1910,חוזה מתכנן תנועה.docx,מתכנן תנועה,,,205444,סביוני רעננה צפון,טיוטה,2020-01-01 00:00:00,,מחיר קבוע/פאושלי,,,0.6,,germank,,1,בגין,2019-12-31 00:00:00,,,223.7832,5.00000000000000,מדד המחירים לצרכן,,,,"
אפריקה ישראל מגורים בע""מ
יוני נתניהו 1 ג' אור יהודה
מ.ז 52-003476-0
","
דגש הנדסה תכנון תנועה ודרכים בע''מ
בן גוריון 11 בני ברק
512329376
",,רעננה, 6578 ,רע/708,גרמן קגנובסקי,עירד שרייבר,,עירג שרייבר,151,,,הקמה 150 יח''ד ומסחר על גבי החניון תת קרקעי,"ש""ח",דגש הנדסה תכנון תנועה ודרכים בע''מ,,הקמה 150 יח''ד ומסחר,60 יום,Item,sites/Contracts/ProjectContractLibrary/סביוני רעננה צפון,סביוני רעננה צפון
CONT-10-2012,חוזה מתכנן תנועה.docx,מתכנן תנועה,,,,מורדות ארנונה,טיוטה,,,,100%,,,,,,,,,,,,,,,,,"א.מ. ישראל מגורים פיתוח בע""מ
יוני נתניהו 1 ג' אור יהודה
513313148       ","אייל קראוס הנדסת כבישים בע""מ
             בית הדפוס 22, ירושלים
             512699851",,ירושלים,,,אבי ברטי לוי,אייל קראוס,,אייל קראוס,,,,"א.מ. ישראל מגורים פיתוח בע""מ",,"אייל קראוס הנדסת כבישים בע""מ",,,,Item,sites/Contracts/ProjectContractLibrary/מורדות ארנונה,מורדות ארנונה
CONT-10-2099,חוזה מתכנן תנועה.docx,מתכנן תנועה,2021-11-11 00:00:00,,230000,,אושר,2020-06-18 00:00:00,2028-04-03 21:00:00,מחיר קבוע/פאושלי,100%,,0.5,,avic,,1,בגין,2020-06-17 00:00:00,,80,223.3374,5.00000000000000,מדד המחירים לצרכן,,,,"
אפריקה ישראל מגורים בע""מ
יוני נתניהו 1 ג' אור יהודה
מ.ז 52-003476-0
","
תדם הנדסה אזרחית בע""מ
רחוב אתגר 2  , טירת הכרמל , בנין כרמל ,
פארק עסקים כרמל , 30200

",,קרית אתא,10255      ,כ/248,"אבי כהן מחברת אפריקה ישראל מגורים בע""מ ",רגב טורס,4,רגב טורס ,מגרשים 57-65,,,גבעת הכלניות ( טרם ניתן שם לפרויקט ),"ש""ח","תדם הנדסה אזרחית בע""מ","אפריקה ישראל מגורים בע""מ ",תכנון ויעוץ תנועה וחניות בפרוקיט ,שוטף + 45,Item,sites/Contracts/ProjectContractLibrary/גבעת הכלניות - קרית אתא,גבעת הכלניות - קרית אתא
CONT-10-2142,חוזה מתכנן תנועה.docx,מתכנן תנועה,2021-01-01 00:00:00,,101740,,טיוטה,2020-12-16 00:00:00,2024-07-13 21:00:00,מחיר קבוע/פאושלי,,,,,dekelr,,2,ידוע,2020-12-15 00:00:00,,40,223.3374,5.00000000000000,מדד המחירים לצרכן,,,,"
אפריקה ישראל מגורים בע""מ
יוני נתניהו 1 ג' אור יהודה
מ.ז 52-003476-0
","
רעמ הנדסת כבישים ותנועה

",,נתניה,8256,נת / 556 / ב / 1,דקל רוקבן,,,,155,מגרש 1409,,נתניה - מגרש 1409,"ש""ח",רעמ הנדסת כבישים ותנועה,,תכנון תנועה,45 יום,Item,sites/Contracts/ProjectContractLibrary/נתניה - מגרש 1409,נתניה - מגרש 1409
CONT-10-2161,חוזה מתכנן תנועה.docx,מתכנן תנועה,,,,רמת שרת שלב ב,טיוטה,,,,50%,,,,,,,,,,,,,,,,,"פ.א פיתוח ובנייה בירושלים בע""מ","אייל קראוס הנדסת תנועה וכבישים בע""מ
בית הדפוס 22 גבעת שאול
512699851",,ירושלים,,,אבי ברטי לוי,,,,,,,"פ.א פיתוח ובנייה בירושלים בע""מ",,"  אייל קראוס הנדסת תנועה וכבישים בע""מ","פ.א פיתוח ובנייה בירושלים בע""מ",,,Item,sites/Contracts/ProjectContractLibrary/רמת שרת שלב ב,רמת שרת שלב ב
CONT-10-2300,חוזה מתכנן תנועה.docx,מתכנן תנועה,2023-06-27 00:00:00,,64500,הכוזרי הרצליה,אושר,2023-07-05 00:00:00,2023-10-02 21:00:00,מחיר קבוע/פאושלי,,,,,ronen,,,,,,3,,,,,,,"
א.מ. ישראל מגורים יזמות בע""מ
יוני נתניהו 1 אור יהודה
514957794

אולפני הרצליה -ע . משותפת אפריקה ישראל מגורים, תדהר וע. לוזון

558426227
","
אברהם גיאלצ'ינסקי אינג'
הבריכה 9 ימין משה   ירושלים
",,הרצליה,3455,12,משה,,,,,,,ניסיון,"ש""ח",אברהם גיאלצ'ינסקי אינג',,רונן - ניסיון,,Item,sites/Contracts/ProjectContractLibrary/הכוזרי - הרצליה,הכוזרי - הרצליה
CONT-10-2312,חוזה מתכנן תנועה.docx,מתכנן תנועה,,,,,טיוטה,,,,,,,,kooksec,,,,,,,,,,,,,"
ביתא רוטשילד בע""מ

515851194
","
אמי מתום מהנדסים ויועצים בע""מ
יבנה 3 חיפה ת.ד 4579
510648272
",,חיפה,,,,,,,,,,,,"אמי מתום מהנדסים ויועצים בע""מ",,,,Item,sites/Contracts/ProjectContractLibrary/רוטשילד חיפה,רוטשילד חיפה
CONT-10-2369,חוזה מתכנן תנועה.docx,מתכנן תנועה,,,532000,אופיס אזור,טיוטה,,,מחיר קבוע/פאושלי,100%,,,,kooksec,,,,,,,,5.00000000000000,מדד המחירים לצרכן,,,,"
אפריקה ישראל מגורים בע""מ
יוני נתניהו 1 ג' אור יהודה
מ.ז 52-003476-0
","
דגש הנדסה תכנון תנועה ודרכים בע""מ
רח' בן גוריון 2 רמת גן
512329376
",,אזור,6001,554-0905372,,,,,"115,142, 140",מגרשים 201 ו-202,,מתחם אזור,"ש""ח","דגש הנדסה תכנון תנועה ודרכים בע""מ","אפריקה ישראל מגורים בע""מ","פרויקט מגורים בעירוב שימושים הכולל 443 יח""ד ב6",שוטף + 45,Item,sites/Contracts/ProjectContractLibrary/אופיס - אזור,אופיס - אזור
CONT-10-2092,חוזה נגישות.docx,מתכנן אדריכלות נוף,2018-12-27 00:00:00,,118800,נס ציונה מחיר למשתכן,טיוטה,2018-12-27 00:00:00,2022-09-06 23:00:00,מחיר קבוע/פאושלי,100%,,0.3,,kooksec,,2,,,,45,,,,,,,"
א.מ. ישראל מגורים יזמות בע""מ
יוני נתניהו 1 אור יהודה
514957794
","דני פריגת אדריכלות ונגישות
רח' מיצרי טירן 3 ירושלים
",,נס ציונה,,,אבי ברטי לוי,דני פריגת,,,,,,"א.מ ישראל מגורים יזמות בע""מ","ש""ח",צ'סלר סולומון אדריכלות נוף,"א.מ ישראל מגורים יזמות בע""מ","תכנון ל-216 יח""ד לרבות מרתפי חניה ",שוטף + 45,Item,sites/Contracts/ProjectContractLibrary/נס ציונה מחיר למשתכן,נס ציונה מחיר למשתכן
CONT-10-2297,יועץ בטיחות  הסכם.docx,יועץ בטיחות ,2023-07-04 00:00:00,,,נשר,טיוטה,2022-01-20 00:00:00,2030-01-18 20:00:00,מחיר קבוע/פאושלי,,,,,avic,,2,,2022-01-19 00:00:00,,80,,,,,,,"
אפריקה ישראל מגורים בע""מ
יוני נתניהו 1 ג' אור יהודה
מ.ז 52-003476-0

שיכון ובינוי נדל""ן בע""מ
שלם 3 רמת גן 52215
מ.ז 52-002117-1

כלל נכסי נדלן נשר מרכז (נ.נ.נ.מ) שותפות מוגבלת
מרכז עזריאלי בניין משולש 3, תל אביב
540283033
","
נפתלי רונן -אדריכל, יועץ בטיחות בע""מ

",,נשר,11170,355-0359364 ( מכ/866 ),"אבי כהן מחברת אפריקה ישראל מגורים בע""מ ",נפתלי ,5,נפתלי רונן ,,,,אגמי הכרמל ,,"נפתלי רונן -אדריכל, יועץ בטיחות בע""מ",,יועץ בטיחות ,שוטף + 60,Item,sites/Contracts/ProjectContractLibrary/נשר,נשר
CONT-10-2480,יועץ ביסוס קרקע.docx,יועץ ביסוס קרקע,,,,אולפני הרצליה,טיוטה,,,,,,,,germank,,,,,,,,,,,,,"
אולפני הרצליה -ע . משותפת אפריקה ישראל מגורים, תדהר וע. לוזון

558426227
","
עמוס בלנק - עדי לרר מהנדסים בע""מ
הערד 7 תל אביב
",,הרצליה,,,,,,,,,,אולפני הרצליה,,"עמוס בלנק - עדי לרר מהנדסים בע""מ",,,,Item,sites/Contracts/ProjectContractLibrary/אולפני הרצליה,אולפני הרצליה
CONT-10-2295,יועץ בניה ניסיון.docx,יועץ בניה ירוקה,,,,,טיוטה,,,,,,,,ronen,,,,,,,,,,,,,,,,,,,,,,,,,,,,,,,,Item,sites/Contracts/ProjectContractLibrary/רוטשילד חיפה,רוטשילד חיפה
CONT-10-2071,יועץ נגישות רעננה.docx,יועץ נגישות,,,40000,,טיוטה,2020-04-01 00:00:00,,מחיר קבוע/פאושלי,,,,,germank,,1,בגין,2020-03-31 00:00:00,,,223.7832,5.00000000000000,מדד המחירים לצרכן,,,,"
אפריקה ישראל מגורים בע""מ
יוני נתניהו 1 ג' אור יהודה
מ.ז 52-003476-0
","
ורשבסקי נגישות בע''ם
הפרדס 18, רמות השבים 
515293280
",,רעננה,6585,רן/708,גרמן קגנובסקי ,אבי ורשבסקי ,,,151,,,סביוני רעננה צפון,"ש""ח",ורשבסקי נגישות בע''ם,,ה,50 יום,Item,sites/Contracts/ProjectContractLibrary/סביוני רעננה צפון,סביוני רעננה צפון
CONT-10-2479,יועץ נגישות.docx,יועץ נגישות,,,,,טיוטה,,,,,,,,germank,,,,,,,,,,,,,"
אולפני הרצליה -ע . משותפת אפריקה ישראל מגורים, תדהר וע. לוזון

558426227
","
אולג סביצקי
לכיש 45 אשדוד
313928855
",,הרצליה,,,,,,,,,,אולפני הרצליה,,אולג סביצקי,,הקמה פרויקט מגורים 358 יח''ד על גבי חניון תת קרקעי,,Item,sites/Contracts/ProjectContractLibrary/אולפני הרצליה,אולפני הרצליה
CONT-5-716,מכרז קבלן ראשי מגורים נשר שלב 1 2026.docx,קבלן ראשי כללי,,,,נשר,טיוטה,,,מחיר קבוע/פאושלי,"חב' כלל נדלן 50%   , חברת שיכון ובינוי נדל""ן בע""מ 25%  , חברת אפריקה ישראל מגורים בע""מ 25% ",,0.4,,avic,,1,,,,,,4.00000000000000,מדד הבניה בעיקור שעות קיץ,,,,"
אפריקה ישראל מגורים בע""מ
יוני נתניהו 1 ג' אור יהודה
מ.ז 52-003476-0

כלל נכסי נדלן נשר מרכז (נ.נ.נ.מ) שותפות מוגבלת
מרכז עזריאלי בניין משולש 3, תל אביב
540283033

שיכון ובינוי נדל""ן בע""מ
שלם 3 רמת גן 52215
מ.ז 52-002117-1
",,,נשר,11170,מכ/866  מתחם כלל מגורים נשר ,"אבי כהן מחברת אפריקה ישראל מגורים בע""מ ",,,,30-35,,,אגמי בראשית,"ש""ח",,,קבלן ראשי למג' 29-34 כולל פיתוח צמוד,שוטף + 60,Item,sites/Contracts/ProjectContractLibrary/נשר,נשר
CONT-10-2158,ניהול תיאום ופיקוח אחים מרגולין רעננה.docx,ניהול תיאום ופיקוח,,,,סביוני רעננה צפון,טיוטה,2021-06-01 00:00:00,,מחיר קבוע/פאושלי,,,,,germank,,2,ידוע,2021-05-31 00:00:00,,,226.4666,5.00000000000000,מדד המחירים לצרכן,,,,"
אפריקה ישראל מגורים בע""מ
יוני נתניהו 1 ג' אור יהודה
מ.ז 52-003476-0
","
אחים מרגולין הנדסה וייעוץ בע""מ
גוש עציון 7 ב.דוידוב קומה 5 גבעת שמואל 54030
",,רעננה,,,,,,,,,,סביוני רעננה ,,"אחים מרגולין הנדסה וייעוץ בע""מ",,הקמת 150 יח''ד ומסחר ,,Item,sites/Contracts/ProjectContractLibrary/סביוני רעננה צפון,סביוני רעננה צפון
CONT-10-2458,ניסיון רונן.docx,קבלן חפירה ודיפון,,,,,טיוטה,,,,,,,,,,,,,,,,,,,,,,,,טבריה,,,,,,,,,,,,,,,,Item,sites/Contracts/ProjectContractLibrary/שדרות הסביונים,שדרות הסביונים
CONT-10-1871,ניסיון1.docx,קבלן חפירה ודיפון,,,,ספייס 3,ממתין,,,,,2,,,ronen,,,,,,,,,,,,,,,,,,,,,,,,,,,,,,,,Item,sites/Contracts/ProjectContractLibrary/סביון במשתלה,סביון במשתלה
CONT-10-2108,סביוני גבעת שמואל - 1001 1005 - חוזה קבלן.docx,קבלן ראשי כללי,,,,גבעת שמואל,טיוטה,,,,,,,,meryle,,,,,,,,,,,,,,,,גבעת שמואל,6191,427-0218768,מרול אטמן,,,,"81, 83, מגרשים 1001, 1005",,,"סביוני גבעת שמואל - מגרשים 1001, 1005",,,,הקמת 2 בנייני מגורים מעל חניון משותף כולל עבודות פיתוח צמוד,,Item,sites/Contracts/ProjectContractLibrary/סביוני גבעת שמואל,סביוני גבעת שמואל
CONT-10-2191,סביוני גבעת שמואל - 1004-1005 - חוזה מעצב פנים.docx,מעצב פנים,,,100000,גבעת שמואל,טיוטה,2022-02-02 00:00:00,2026-04-23 21:00:00,מחיר קבוע/פאושלי,100%,,0.1,,meryle,,1,בגין,2022-02-01 00:00:00,,48,231.3849,5.00000000000000,מדד המחירים לצרכן,,,,"
גבעת שמואל החדשה בע""מ
יהונתן נתניהו 1ג', אור יהודה
514677533
","
מיכל גינזבורג
רח' רש""י 8, רמת השרון
",,גבעת שמואל,6191,427-0218768,מרול אטמן,מיכל גינזבורג,,מיכל גינזבורג,"82, 83",,,סביוני גבעת שמואל - מגרשים 1004-1005,"ש""ח",מיכל גינזבורג,"גבעת שמואל החדשה בע""מ",עיצוב פנים בשטחים המשותפים,60 יום,Item,sites/Contracts/ProjectContractLibrary/סביוני גבעת שמואל,סביוני גבעת שמואל
CONT-10-2177,סביוני גבעת שמואל  1006-1007 - חוזה אדריכל.docx,אדריכל מגורים ומסחר,2022-07-24 00:00:00,,2398000,גבעת שמואל,טיוטה,2022-03-11 00:00:00,2027-02-11 22:00:00,למדידה,100%,,0.11,,meryle,,1,בגין,2022-03-10 00:00:00,,60,232.7263,5.00000000000000,מדד המחירים לצרכן,,,,"
גבעת שמואל החדשה בע""מ
יהונתן נתניהו 1ג', אור יהודה
514677533
","

מילוסלבסקי אדריכלים
בן גוריון 59 , בני ברק

",,גבעת שמואל,6191,427-0218768,מרול אטמן,אודליה ורד-תימור,,גיא מילוסלבסקי,84-85,,,סביוני גבעת שמואל מגרשים 1006-1007,"ש""ח",מילוסלבסקי אדריכלים,,תכנון אדריכלי מגורים ומסחר,60 יום,Item,sites/Contracts/ProjectContractLibrary/סביוני גבעת שמואל,סביוני גבעת שמואל
CONT-10-2393,סביוני גבעת שמואל - 1006-1007 - חוזה קבלן ראשי.docx,קבלן ראשי כללי,,,,גבעת שמואל,טיוטה,,,,100%,,,,meryle,,,,,,,,,,,,,"
גבעת שמואל החדשה בע""מ
יהונתן נתניהו 1ג', אור יהודה
514677533
",,,גבעת שמואל,6191,427-0218768,מרול אטמן,,,,84-85,,,סביוני גבעת שמואל מגרשים 1006-1007,,,,"הקמת 2 מגדלי מגורים מעל 2 קומות מסחר וחניון תת""ק כולל פיתוח צמוד",,Item,sites/Contracts/ProjectContractLibrary/סביוני גבעת שמואל,סביוני גבעת שמואל
CONT-10-2276,סביוני גבעת שמואל - גמרשים 1006-1007 -חוזה יועץ בניה ירוקה ותרמי.docx,יועץ בניה ירוקה,2023-08-20 00:00:00,,101000,גבעת שמואל,טיוטה,2023-02-02 00:00:00,2027-01-10 22:00:00,מחיר קבוע/פאושלי,100%,,0.3,,meryle,,1,בגין,2023-02-01 00:00:00,,48,243.3794,5.00000000000000,מדד המחירים לצרכן,,,,"
גבעת שמואל החדשה בע""מ
יהונתן נתניהו 1ג', אור יהודה
514677533
","
ESD פיתוח סביבה וקיימות
גיבורי ישראל 10א' נתניה

",,גבעת שמואל,6191,427-0218768,מרול אטמן,שמוליק ליפשין,35,שמוליק ליפשין,"84,85",,,סביוני גבעת שמואל מגרשים 1006-1007,"ש""ח",ESD פיתוח סביבה וקיימות,,"ייעוץ בניה ירוקה, איכות סביבה ותרמי",60 יום,Item,sites/Contracts/ProjectContractLibrary/סביוני גבעת שמואל,סביוני גבעת שמואל
CONT-10-1403,סביוני גבעת שמואל - חוזה אדריכל מגורים ומסחרי.docx,אדריכל מגורים ומסחר,,,,סביוני בעת שמואל,אושר,2012-04-02 00:00:00,2023-03-22 20:00:00,,100,,0.9,,meryle,,1,בגין,2012-04-01 00:00:00,,120,218.972,5.00000000000000,מדד המחירים לצרכן,,,,"
גבעת שמואל החדשה בע""מ
יהונתן נתניהו 1ג', אור יהודה
514677533
","
יסקי-מור-סיון
בן גוריון 1, בני ברק
ש.מ. 550222129
",,,6191,"ממ/2/3074, 427-0218768",מרול אטמן,גבי גל,,מור עמיהוד ו/או סיון יוסי ו/או יסקי יעקב,,,,סביוני גבעת שמואל,"ש""ח",יסקי-מור-סיון,גבעת שמואל החדשה,תכנון אדריכלי סביוני גבעת שמואל,60 יום,Item,sites/Contracts/ProjectContractLibrary/סביוני גבעת שמואל,סביוני גבעת שמואל
CONT-10-2167,סביוני גבעת שמואל - חוזה אחראי לביקורת.docx,אחראי לביקורת פרויקטים,,,49600,גבעת שמואל,טיוטה,2022-01-12 00:00:00,2026-01-23 22:00:00,מחיר קבוע/פאושלי,100%,,0.4,,meryle,,1,בגין,2022-01-11 00:00:00,,48,229.82,5.00000000000000,מדד המחירים לצרכן,,,,"
גבעת שמואל החדשה בע""מ
יהונתן נתניהו 1ג', אור יהודה
514677533

אקונה ריט למגורים בע""מ 
רחוב דרך מנחם בגין 146 תל אביב 
516438462
","
טופהאוס ניהול פרויקטים ובינוי
רח' התע""ש 20, כפר סבא

",,גבעת שמואל,6191,427-0218768,מרול אטמן,יובל גרינוולד,,יובל גרינוולד,"81, 83 , מגרשים 1001, 1005",,,"סביוני גבעת שמואל - מגרשים 1001, 1005","ש""ח",טופהאוס ניהול פרויקטים ובינוי,,אחראי לבקורת,60 יום,Item,sites/Contracts/ProjectContractLibrary/סביוני גבעת שמואל,סביוני גבעת שמואל
CONT-10-1889,סביוני גבעת שמואל - חוזה הידרולוג.docx,הידרולוגי,,,18800,גבעת שמואל,טיוטה,2020-02-02 00:00:00,2023-01-16 22:00:00,מחיר קבוע/פאושלי,100,,0.1,,meryle,,,,,,36,,7.00000000000000,מדד נומינלי,,,,"
גבעת שמואל החדשה בע""מ
יהונתן נתניהו 1ג', אור יהודה
514677533
","
צוק הידרולוגיה וסביבה בע""מ

",,גבעת שמואל,,ממ/2/3074 ו-427-0218768,מרול אטמן,שמעון צוק,..........,שמעון צוק,,,,סביוני גבעת שמואל,"ש""ח","צוק הידרולוגיה וסביבה בע""מ","גבעת שמואל החדשה בע""מ",תכנון ויעוץ הידרולוגי לניהול מי נגר,שוטף + 30,Item,sites/Contracts/ProjectContractLibrary/סביוני גבעת שמואל,סביוני גבעת שמואל
CONT-10-1944,סביוני גבעת שמואל - חוזה יועץ בידוד תרמי.docx,יועץ בידוד תרמי,2020-11-05 00:00:00,,33000,גבעת שמואל,טיוטה,2020-08-07 00:00:00,2024-08-10 21:00:00,מחיר קבוע/פאושלי,100,,0.4,,meryle,,1,בגין,2020-08-06 00:00:00,,48,223.3374,5.00000000000000,מדד המחירים לצרכן,,,,"
גבעת שמואל החדשה בע""מ
יהונתן נתניהו 1ג', אור יהודה
514677533
","
WAWA
גנסין 16, גבעתיים
514640622
",,גבעת שמואל,6191,427-0218768,מרול אטמן,סאם אלפסי,3,אדריכל יובל שם אור,"מגרשים 1001, 1004, 1005",,,סביוני גבעת שמואל,"ש""ח",WAWA,,ייעוץ תרמי,שוטף + 45,Item,sites/Contracts/ProjectContractLibrary/סביוני גבעת שמואל,סביוני גבעת שמואל
CONT-10-2172,סביוני גבעת שמואל - חוזה יועץ נגישות - משה מנו.docx,יועץ נגישות,,,22000,גבעת שמואל,טיוטה,2022-01-25 00:00:00,2026-01-02 22:00:00,מחיר קבוע/פאושלי,,,0.7,,meryle,,1,בגין,2022-01-24 00:00:00,,48,,7.00000000000000,מדד נומינלי,,,,"
גבעת שמואל החדשה בע""מ
יהונתן נתניהו 1ג', אור יהודה
514677533

אקונה ריט למגורים בע""מ 
רחוב דרך מנחם בגין 146 תל אביב 
516438462
","
נגישים
ההגנה 13, ראשון לציון 7570663

",,גבעת שמואל,6191,427-0218768,מרול אטמן,משה מנו,"הפרויקט יטופל ישירות ע""י משה מנו",משה מנו,81-83,,,סביוני גבעת שמואל,"ש""ח",נגישים,,ייעוץ ואישור בנושא נגישות,60 יום,Item,sites/Contracts/ProjectContractLibrary/סביוני גבעת שמואל,סביוני גבעת שמואל
CONT-10-1929,סביוני גבעת שמואל - חוזה יועץ נגישות.docx,יועץ נגישות,,,17100,גבעת שמואל,טיוטה,2020-07-08 00:00:00,2025-06-04 21:00:00,מחיר קבוע/פאושלי,100%,,0.2,,meryle,,1,בגין,2020-07-07 00:00:00,,60,,7.00000000000000,מדד נומינלי,,,,"
גבעת שמואל החדשה בע""מ
יהונתן נתניהו 1ג', אור יהודה
514677533
","
אורנה פדר אדריכלית ומורשת נגישות
טהון 7, רמת השרון

",,גבעת שמואל,6191,427-0218768,מרול אטמן,אורנה פדר,,אורנה פדר,"מגרשים 1001, 1004, 1005",,,סביוני גבעת שמואל,"ש""ח",אורנה פדר אדריכלית ומורשת נגישות,,ייעוץ נגישות,60 יום,Item,sites/Contracts/ProjectContractLibrary/סביוני גבעת שמואל,סביוני גבעת שמואל
CONT-10-1962,סביוני גבעת שמואל - חוזה יועץ פינוי אשפה.docx,יועץ פינוי אשפה,,,54000,גבעת שמואל,טיוטה,2020-08-20 00:00:00,2025-07-23 21:00:00,מחיר קבוע/פאושלי,100%,,,,meryle,,1,בגין,2020-08-19 00:00:00,,60,1,7.00000000000000,מדד נומינלי,,,,"
גבעת שמואל החדשה בע""מ
יהונתן נתניהו 1ג', אור יהודה
514677533
","
סיסטמה הנדסת הסביבה בע""מ
ברנשטיין 31/1, ראשון לציון
ח.פ. 514775741
",,גבעת שמואל,6191,427-0218768,מרול אטמן,ירוחם איש-גור,,ירוחם איש-גור,"מגרשים 1001, 1004, 1005",,,סביוני גבעת שמואל,"ש""ח","סיסטמה הנדסת הסביבה בע""מ","גבעת שמואל החדשה בע""מ",ייעץ בתחום התברואה (פינוי פסולת ומיחזור),60 יום,Item,sites/Contracts/ProjectContractLibrary/סביוני גבעת שמואל,סביוני גבעת שמואל
CONT-10-2192,סביוני גבעת שמואל - מגרש 1004 - תאום מערכות.docx,יועץ סופרפוזיציה,2022-07-19 00:00:00,,65600,גבעת שמואל,טיוטה,2022-05-31 00:00:00,2025-09-07 21:00:00,מחיר קבוע/פאושלי,100%,,0.5,,meryle,,1,בגין,2022-05-30 00:00:00,,48,236.7504,5.00000000000000,מדד המחירים לצרכן,,,,"
גבעת שמואל החדשה בע""מ
יהונתן נתניהו 1ג', אור יהודה
514677533
","
גיא כ""ץ
האסיף 17, חיפה

",,גבעת שמואל,6191,427-0218768,מרול אטמן,"גיא כ""ץ","הפרויקט יטופל ישירות ע""י גיא כ""ץ","גיא כ""ץ","82, מגרש 1004",,,סביוני גבעת שמואל - מגרש 1004,"ש""ח","גיא כ""ץ",,תאום מערכות,60 יום,Item,sites/Contracts/ProjectContractLibrary/סביוני גבעת שמואל,סביוני גבעת שמואל
CONT-10-2245,סביוני גבעת שמואל - מגרשים 1006-1007 - חוזה אדריכל נוף.docx,מתכנן אדריכלות נוף,2023-01-23 00:00:00,,220000,גבעת שמואל,טיוטה,2022-11-23 00:00:00,2026-11-01 22:00:00,מחיר קבוע/פאושלי,100%,,0.9,,meryle,,1,בגין,2022-11-22 00:00:00,,48,241.4451,5.00000000000000,מדד המחירים לצרכן,,,,"
גבעת שמואל החדשה בע""מ
יהונתן נתניהו 1ג', אור יהודה
514677533
","
עופר מרגלית אדריכל נוף
ת.ז. 057267312
",,גבעת שמואל,6191,427-0218768,מרול אטמן,עופר מרגלית,2,עופר מרגלית,"חלקות 84-85, מגרשים 1006-1007",,,סביוני גבעת שמואל מגרשים 1006-1007,"ש""ח",עופר מרגלית אדריכל נוף,,תכנון אדרילות נוף,60 יום,Item,sites/Contracts/ProjectContractLibrary/סביוני גבעת שמואל,סביוני גבעת שמואל
CONT-10-2271,סביוני גבעת שמואל - מגרשים 1006-1007 - חוזה הידרולוג.docx,הידרולוג,2023-09-20 00:00:00,,13343,,טיוטה,2022-07-08 00:00:00,2026-06-15 21:00:00,מחיר קבוע/פאושלי,100%,,0.14,,meryle,,1,בגין,2022-07-07 00:00:00,,48,239.4331,5.00000000000000,מדד המחירים לצרכן,,,,"
גבעת שמואל החדשה בע""מ
יהונתן נתניהו 1ג', אור יהודה
514677533
","
מרפיר פרויקטים
המיסדים 7, כפר ידידיה 4294000

",,גבעת שמואל,6191,427-0218768,מרול אטמן,יוחאי ברנאי בצלאל,,יוחאי ברנאי בצלאל,84-85,,,סביוני גבעת שמואל מגרשים 1006-1007,"ש""ח",מרפיר פרויקטים,,ייעוץ הידרולוגי לניהול מי נגר,60 יום,Item,sites/Contracts/ProjectContractLibrary/סביוני גבעת שמואל,סביוני גבעת שמואל
CONT-10-2258,סביוני גבעת שמואל - מגרשים 1006-1007 - חוזה יועץ ביסוס קרקע.docx,יועץ ביסוס קרקע,,,41500,גבעת שמואל,טיוטה,2022-08-08 00:00:00,2026-07-16 21:00:00,מחיר קבוע/פאושלי,100%,,,,meryle,,1,בגין,2022-08-07 00:00:00,,48,238.7624,5.00000000000000,מדד המחירים לצרכן,,,,"
גבעת שמואל החדשה בע""מ
יהונתן נתניהו 1ג', אור יהודה
514677533
","
עמוס בלנק - עדי לרר - סשה בר
הארד 7, תל אביב

",,גבעת שמואל,6191,427-0218768,מרול אטמן,עדי לרר,,עדי לרר,"84, 85",,,סביוני גבעת שמואל מגרשים 1006-1007,,עמוס בלנק - עדי לרר - סשה בר,,ייעוץ קרקע וביסוס,60 יום,Item,sites/Contracts/ProjectContractLibrary/סביוני גבעת שמואל,סביוני גבעת שמואל
CONT-10-2257,סביוני גבעת שמואל - מגרשים 1006-1007 - חוזה יועץ ניהול ואחזקת מבנים.docx,,2024-08-26 00:00:00,,80000,גבעת שמואל,טיוטה,2022-11-02 00:00:00,2026-11-01 22:00:00,מחיר קבוע/פאושלי,100%,,0.15,,meryle,,1,בגין,2022-11-01 00:00:00,,48,240.7745,5.00000000000000,מדד המחירים לצרכן,,,,"
גבעת שמואל החדשה בע""מ
יהונתן נתניהו 1ג', אור יהודה
514677533
","
עידן (ש.נ.י) ניהול ואחזקת מבנים בע""מ
רח' הרברט סמואל 46, תל אביב

",,גבעת שמואל,6191,427-0218768,מרול אטמן,אמיר רוזנבלום,,אמיר רוזנבלום,"חלקות 84-85, מגרשים 1006-1007",,,סביוני גבעת שמואל מגרשים 1006-1007,"ש""ח","עידן (ש.נ.י) ניהול ואחזקת מבנים בע""מ",,ייעוץ וליווי ניהול ואחזקת מבנים,60 יום,Item,sites/Contracts/ProjectContractLibrary/סביוני גבעת שמואל,סביוני גבעת שמואל
CONT-10-2259,סביוני גבעת שמואל - מגרשים 1006-1007 - חוזה מנהל מודל ומתאם מערכות.docx,מנהל מודל,2023-07-19 00:00:00,,170500,גבעת שמואל,טיוטה,2022-07-08 00:00:00,2026-06-15 21:00:00,מחיר קבוע/פאושלי,100%,,0.15,,meryle,,1,בגין,2022-07-07 00:00:00,,48,239.4331,5.00000000000000,מדד המחירים לצרכן,,,,"
גבעת שמואל החדשה בע""מ
יהונתן נתניהו 1ג', אור יהודה
514677533
","
גיא כ""ץ
רח' המגינים 53, חיפה

",,גבעת שמואל,6191,427-0218768,מרול אטמן,"גיא כ""ץ",,"גיא כ""ץ","84, 85",,,סביוני גבעת שמואל מגרשים 1006-1007,"ש""ח","גיא כ""ץ",,תיאום מערכות וניהול מודל בים,60 יום,Item,sites/Contracts/ProjectContractLibrary/סביוני גבעת שמואל,סביוני גבעת שמואל
CONT-10-2376,סביוני גבעת שמואל - מגרשים 1006-1007 - חוזה מעצב פנים.docx,מעצב פנים,,,150000,גבעת שמואל,טיוטה,2024-03-16 00:00:00,2029-06-07 21:00:00,מחיר קבוע/פאושלי,100%,,,,meryle,,2,,2024-03-15 00:00:00,,60,,5.00000000000000,מדד המחירים לצרכן,,,,"
גבעת שמואל החדשה בע""מ
יהונתן נתניהו 1ג', אור יהודה
514677533
","
רות ארד


",,גבעת שמואל,6191,427-0218768,מרול אטמן,רות ארד,,רות ארד,84-85,,,סביוני גבעת שמואל מגרשים 1006-1007,"ש""ח",רות ארד,"גבעת שמואל החדשה בע""מ",עיצוב פנים בשטחים המשותפים,60 יום,Item,sites/Contracts/ProjectContractLibrary/סביוני גבעת שמואל,סביוני גבעת שמואל
CONT-10-2246,סביוני גבעת שמואל - מגרשים 1006-1007 - חוזה מתכנן אינסטלציה.docx,מתכנן אינסטלציה,2023-05-23 00:00:00,,482640,גבעת שמואל,טיוטה,2022-06-29 00:00:00,2026-07-25 21:00:00,למדידה,100%,,0.10,,meryle,,1,בגין,2022-06-28 00:00:00,,48,239.4331,5.00000000000000,מדד המחירים לצרכן,,,,"
גבעת שמואל החדשה בע""מ
יהונתן נתניהו 1ג', אור יהודה
514677533
","
א.ח. תכנון וייעוץ בהנדסת מים וביוב בע""מ
רח' שחם 3, פתח תקווה

",,גבעת שמואל,6191,427-0218768,מרול אטמן,ואלי אנטוני,,ואלי אנטוני,"חלקות 84-85, מגרשים 1006-1007",,,סביוני גבעת שמואל מגרשים 1006-1007,"ש""ח","א.ח. תכנון וייעוץ בהנדסת מים וביוב בע""מ",,תכנון מערכות תברואה וספרינקלרים,60 יום,Item,sites/Contracts/ProjectContractLibrary/סביוני גבעת שמואל,סביוני גבעת שמואל
CONT-10-2122,סביוני גבעת שמואל - תאום מערכות.docx,יועץ סופרפוזיציה,2022-02-27 00:00:00,,125000,גבעת שמואל,טיוטה,2021-09-16 00:00:00,2025-09-07 21:00:00,מחיר קבוע/פאושלי,"מגרש 1001 - 100% בבעלות אקונה ריט למגורים בע""מ. מגרש 1005 - 100% בבעלות גבעת שמואל החדשה בע""מ",,0.13,,meryle,,1,בגין,2021-09-15 00:00:00,,48,228.7022,5.00000000000000,מדד המחירים לצרכן,,,,"
גבעת שמואל החדשה בע""מ
יהונתן נתניהו 1ג', אור יהודה
514677533

אקונה ריט למגורים בע""מ 
רחוב דרך מנחם בגין 146 תל אביב 
516438462
","
גיא כ""ץ
האסיף 17, חיפה

",,גבעת שמואל,6191,427-0218768,מרול אטמן,"גיא כ""ץ","הפרויקט יטופל ישירות ע""י גיא כ""ץ","גיא כ""ץ","81, 83 , מגרשים 1001, 1005",,,"סביוני גבעת שמואל - מגרשים 1001, 1005","ש""ח","גיא כ""ץ",,תאום מערכות,60 יום,Item,sites/Contracts/ProjectContractLibrary/סביוני גבעת שמואל,סביוני גבעת שמואל
CONT-10-2206,סביוני גבעת שמואל 1006-1007 - חוזה יועץ תנועה.docx,מתכנן תנועה,2022-09-05 00:00:00,,108000,,טיוטה,2022-08-08 00:00:00,2026-07-24 21:00:00,מחיר קבוע/פאושלי,100%,,0.8,,meryle,,1,בגין,2022-08-07 00:00:00,,48,,5.00000000000000,מדד המחירים לצרכן,,,,"
גבעת שמואל החדשה בע""מ
יהונתן נתניהו 1ג', אור יהודה
514677533
","
אנדריא - הנדסת תנועה ותחבורה
הגליל 34, נצרת

",,גבעת שמואל,6191,427-0218768,מרול אטמן,אלבר אנדריא,,אלבר אנדריא,"84, 85",,,סביוני גבעת שמואל מגרשים 1006-1007,"ש""ח",אנדריא - הנדסת תנועה ותחבורה,,תכנון תנועה וחניה,60 יום,Item,sites/Contracts/ProjectContractLibrary/סביוני גבעת שמואל,סביוני גבעת שמואל
CONT-10-2207,סביוני גבעת שמואל 1006-1007 - חוזה מתכנן מיגון.docx,חוזה מיגון ומיקלוט,,,20000,גבעת שמואל,טיוטה,2022-07-30 00:00:00,2026-07-24 21:00:00,מחיר קבוע/פאושלי,100%,,,,meryle,,1,בגין,2022-07-29 00:00:00,,48,,5.00000000000000,מדד המחירים לצרכן,,,,"
גבעת שמואל החדשה בע""מ
יהונתן נתניהו 1ג', אור יהודה
514677533
","
קרפל יעוץ והנדסת מיגון בע""מ
שד' נים 2, ראשון לציון

",,גבעת שמואל,6191,427-0218768,מרול אטמן,ערן קרפל,,ערן קרפל,"84,85",,,סביוני גבעת שמואל מגרשים 1006-1007,"ש""ח","קרפל יעוץ והנדסת מיגון בע""מ",,תכנון מיגון,60 יום,Item,sites/Contracts/ProjectContractLibrary/סביוני גבעת שמואל,סביוני גבעת שמואל
CONT-10-1921,סביוני גבעת שמואל חוזה מתכנן אינסטלציה.docx,מתכנן אינסטלציה,2020-10-26 00:00:00,,401800,גבעת שמואל,טיוטה,2019-07-02 00:00:00,2025-05-05 21:00:00,מחיר קבוע/פאושלי,100%,,0.8,,meryle,,1,בגין,2019-07-01 00:00:00,,60,309.6963,9.00000000000000,מדד תשומות הבניה,,,,"
גבעת שמואל החדשה בע""מ
יהונתן נתניהו 1ג', אור יהודה
514677533
","
סלע נהרי מהנדסים יועצים בע""מ
האשלג 22, חיפה

",,גבעת שמואל,"גוש 6191, מגרשים 1001, 1004, 1005",427-0218768,מרול אטמן,שי נהרי,,שי נהרי,חלקות 69-76,,,סביוני גבעת שמואל,"ש""ח","סלע נהרי מהנדסים יועצים בע""מ","גבעת שמואל החדשה בע""מ","תכנון אינסטלציה מלא לבניינים, חניונים ופיתוח המגרשים",שוטף + 45,Item,sites/Contracts/ProjectContractLibrary/סביוני גבעת שמואל,סביוני גבעת שמואל
CONT-10-1925,ססביוני גבעת שמואל - חוזה מתכנן מיזוג אוויר.docx,מיזוג אויר,2020-08-23 00:00:00,,268000,גבעת שמואל,טיוטה,2019-11-11 00:00:00,2025-05-05 21:00:00,מחיר קבוע/פאושלי,100%,,0.4,,meryle,,1,בגין,2019-11-10 00:00:00,,60,224.6748,5.00000000000000,מדד המחירים לצרכן,,,,"
גבעת שמואל החדשה בע""מ
יהונתן נתניהו 1ג', אור יהודה
514677533
","
מאיר לוסקי מהנדסים בע""מ
העצמאות 87 משרד 28 אשדוד 77452
",,גבעת שמואל,"6191, מגרשים 1001, 1004, 1005",427-0218768,מרול אטמן,מאיר לוסקי,,מאיר לוסקי,,,,סביוני גבעת שמואל,"ש""ח","מאיר לוסקי מהנדסים בע""מ","גבעת שמואל החדשה בע""מ","תכנון מ""א ואוורור מלא לבניינים ולחניונים",45 יום,Item,sites/Contracts/ProjectContractLibrary/סביוני גבעת שמואל,סביוני גבעת שמואל
CONT-10-1932,עינב.docx,קבלן ראשי כללי,,,,,טיוטה,,,,,,,,einave,,,,,,,,,,,,,,,,,,,,,,,,,,,,,,,,Item,sites/Contracts/ProjectContractLibrary/פרויקט ניסיון,פרויקט ניסיון
CONT-10-2391,פרויקט קיציס -תכולת מכרז קבלן ראשי.docx,קבלן ראשי כללי,,,,קיציס 17-26,טיוטה,,,,,,,,kooksec,,,,,,,,,,,,,,,,תל אביב-יפו,,,,,,,,,,קיציס ,,,,,,Item,sites/Contracts/ProjectContractLibrary/קיציס 17-26,קיציס 17-26
CONT-10-1873,שהם - דיור להשכרה - חוזה חברת פיקוח.docx,ניהול תיאום ופיקוח,2020-03-25 00:00:00,,2262850,סביוני שהם - דיור להשכרה,ממתין,2020-01-03 00:00:00,2022-06-18 23:00:00,מחיר קבוע/פאושלי,100,2,0.17,,meryle,,2,ידוע,2020-01-02 00:00:00,,30,224.6748,5.00000000000000,מדד המחירים לצרכן,,,,"
אפריקה ישראל דיור להשכרה
יהונתן נתניהו 1ג', אור יהודה
ש.ר 540280369
","
ע. יפה ניהול פרוייקטים בע""מ
אבן גבירול 56 תל אביב
",,שוהם,7330,תמל/1007,מרול אטמן,דני גרופית,,עמי יפה,"4,6,7",,,סביוני שהם דיור להשכרה,"ש""ח","ע. יפה ניהול פרוייקטים בע""מ",אפריקה ישראל דיור להשכרה,פיקוח על עבודות הבניה,שוטף + 45,Item,sites/Contracts/ProjectContractLibrary/סביוני שהם - דיור להשכרה,סביוני שהם - דיור להשכרה
CONT-10-1070,שהם מחיר למשתכן - חוזה הידרולוג.docx,הידרולוגי ,,,16920,סביוני שהם - מחיר למשתכן,אושר,2018-04-03 00:00:00,2021-07-15 21:00:00,מחיר קבוע/פאושלי,100%,,0.5,,meryle,,,,,,40,0,7.00000000000000,מדד נומינלי,,,,"
א.מ.ד.ס מחיר למשתכן
יהונתן נתניהו 1ג', אור יהודה
ש.ר 540274883
","
צוק הידרולוגיה וסביבה בע""מ

",,שוהם,,תמל/1007,מרול אטמן,שמעון צוק,3,שמעון צוק,,,,,"ש""ח","צוק הידרולוגיה וסביבה בע""מ",א.מ.ד.ס מחיר למשתכן,תכנון הידרולוגיה,שוטף + 30,Item,sites/Contracts/ProjectContractLibrary/סביוני שהם - מחיר למשתכן,סביוני שהם - מחיר למשתכן
CONT-10-1066,שהם מחיר למשתכן - חוזה חברת ניהול ופיקוח.docx,ניהול תיאום ופיקוח,,,2592000,סביוני שהם - מחיר למשתכן,אושר,2018-10-08 00:00:00,2022-06-07 23:00:00,מחיר קבוע/פאושלי,100,,0.19,,meryle,,1,,2018-10-07 00:00:00,,56,,5.00000000000000,מדד המחירים לצרכן,,,,"
א.מ.ד.ס מחיר למשתכן
יהונתן נתניהו 1ג', אור יהודה
ש.ר 540274883
","
אחים מרגולין הנדסה וייעוץ בע""מ
גוש עציון 7 ב.דוידוב קומה 5 גבעת שמואל 54030
",,שוהם,,,,,,,,,,סביוני שהם - מחיר למשתכן,"ש""ח","אחים מרגולין הנדסה וייעוץ בע""מ",,ניהול תאום תכנון ופיקוח,60 יום,Item,sites/Contracts/ProjectContractLibrary/סביוני שהם - מחיר למשתכן,סביוני שהם - מחיר למשתכן
CONT-10-1394,שהם מחיר למשתכן - חוזה יועץ איטום.docx,איטום,,,27280,סביוני שהם - מחיר למשתכן,אושר,2018-07-02 00:00:00,2022-03-24 22:00:00,מחיר קבוע/פאושלי,100,,,,meryle,,1,בגין,2018-07-01 00:00:00,,40,1,7.00000000000000,מדד נומינלי,,,,"
א.מ.ד.ס מחיר למשתכן
יהונתן נתניהו 1ג', אור יהודה
ש.ר 540274883
","
אורנה רומנו כהן


",,שוהם,"גוש 7330, חלקות 13 ו-14",תמל/1007,מרול אטמן,אורנה רומנו כהן,....,אורנה רומנו כהן,,,,סביוני שהם - מחיר למשתכן,"ש""ח",אורנה רומנו כהן,,תכנון איטום,60 יום,Item,sites/Contracts/ProjectContractLibrary/סביוני שהם - מחיר למשתכן,סביוני שהם - מחיר למשתכן
CONT-10-1069,שהם מחיר למשתכן - חוזה יועץ נגישות.docx,יועץ נגישות,,,12600,סביוני שהם - מחיר למשתכן,אושר,2018-03-02 00:00:00,2021-06-25 23:00:00,מחיר קבוע/פאושלי,100,,0.5,,meryle,,1,בגין,2018-03-01 00:00:00,,40,221.3468,5.00000000000000,מדד המחירים לצרכן,,,,"
א.מ.ד.ס מחיר למשתכן
יהונתן נתניהו 1ג', אור יהודה
ש.ר 540274883
","
ליבנד יצחק אדריכל
ת.ד. 18243, תל אביב

",,שוהם,,,,,,,,,,סביוני שהם - מחיר למשתכן,"ש""ח",,,יעוץ ואישור תכניות בנושא נגישות,60 יום,Item,sites/Contracts/ProjectContractLibrary/סביוני שהם - מחיר למשתכן,סביוני שהם - מחיר למשתכן
CONT-10-1401,שהם מחיר למשתכן - חוזה יועץ תאום מערכות.docx,יועץ סופרפוזיציה,2019-06-23 00:00:00,,100000,סביוני שהם - מחיר למשתכן,אושר,2019-03-03 00:00:00,2022-02-14 22:00:00,מחיר קבוע/פאושלי,100,,0.12,,meryle,,,,,,36,,7.00000000000000,מדד נומינלי,,,,"
א.מ.ד.ס מחיר למשתכן
יהונתן נתניהו 1ג', אור יהודה
ש.ר 540274883
","
בים לידרס בע""מ
הדוגית 15, יבנה
515813889
",,שוהם,,,,,,,,,,סביוני שהם - מחיר למשתכן,"ש""ח","בים לידרס בע""מ",,תאום מערכות מרתפים,60 יום,Item,sites/Contracts/ProjectContractLibrary/סביוני שהם - מחיר למשתכן,סביוני שהם - מחיר למשתכן
CONT-10-1067,שהם מחיר למשתכן - חוזה מעצב פנים.docx,מעצב פנים,,,95000,סביוני שהם - מחיר למשתכן,אושר,2018-09-15 00:00:00,2021-08-26 21:00:00,מחיר קבוע/פאושלי,100,,0.5,,meryle,,1,,2018-09-14 00:00:00,,36,,5.00000000000000,מדד המחירים לצרכן,,,,"
א.מ.ד.ס מחיר למשתכן
יהונתן נתניהו 1ג', אור יהודה
ש.ר 540274883
","
ליאורה ניב אדריכלות ועיצוב פנים בע""מ
הדרום 11 סביון 56532
",,שוהם,,,,,,,,,,סביוני שהם - מחיר למשתכן,"ש""ח","ליאורה ניב אדריכלות ועיצוב פנים בע""מ",,עיצוב פנים שטחים משותפים,60 יום,Item,sites/Contracts/ProjectContractLibrary/סביוני שהם - מחיר למשתכן,סביוני שהם - מחיר למשתכן
CONT-10-1396,שהם מחיר למשתכן - חוזה מתכנן מיגון.docx,חוזה מיגון,,,25000,סביוני שהם - מחיר למשתכן,טיוטה,2018-03-23 00:00:00,2021-07-27 21:00:00,מחיר קבוע/פאושלי,100,,1.0,,meryle,,1,בגין,2018-03-22 00:00:00,,40,1,7.00000000000000,מדד נומינלי,,,,"
א.מ.ד.ס מחיר למשתכן
יהונתן נתניהו 1ג', אור יהודה
ש.ר 540274883
","
ר.ל.מ.מ. כהן מיגון בע""מ
דיזנגוף 20, ת.ד. 1808 נתניה 4211801
515889517
",,שוהם,"גוש 7330, חלקות 13 ו-14","תמ""ל/1007",מרול אטמן,רמי לוי,....,רמי לוי,,,,סביוני שהם - מחיר למשתכן,"ש""ח","ר.ל.מ.מ. כהן מיגון בע""מ",א.מ.ד.ס מחיר למשתכן,תכנון מיגון,60 יום,Item,sites/Contracts/ProjectContractLibrary/סביוני שהם - מחיר למשתכן,סביוני שהם - מחיר למשתכן
CONT-10-1065,שהם מחיר למשתכן - חוזה מתכנן קונסטרוקציה.docx,מתכנן קונסטרוקציה,,,578016,סביוני שהם - מחיר למשתכן,אושר,2018-04-11 00:00:00,2021-07-28 21:00:00,מחיר קבוע/פאושלי,100,,0.6,,meryle,,1,בגין,2018-04-10 00:00:00,,40,223.333,5.00000000000000,מדד המחירים לצרכן,,,,"
א.מ.ד.ס מחיר למשתכן
יהונתן נתניהו 1ג', אור יהודה
ש.ר 540274883
","
טומי עברון הנדסת בנין בע""מ

",,שוהם,"7330, מגרשים 140-141",תמל/1007,מרול אטמן,טומי עברון,20,טומי עברון,,,,סביוני שהם - מחיר למשתכן,"ש""ח","טומי עברון הנדסת בנין בע""מ",א.מ.ד.ס מחיר למשתכן,תכנון קונסטרוקציה,60 יום,Item,sites/Contracts/ProjectContractLibrary/סביוני שהם - מחיר למשתכן,סביוני שהם - מחיר למשתכן
CONT-10-1068,שהם מחיר משתכן - חוזה מתכנן אלומיניום.docx,מתכנן אלומניום,,,83592,סביוני שהם - מחיר למשתכן,אושר,2018-02-02 00:00:00,2021-08-11 21:00:00,מחיר קבוע/פאושלי,100,,0.9,,meryle,,בגין,בגין,2018-02-01 00:00:00,,40,220.6848,5.00000000000000,מדד המחירים לצרכן,,,,"
א.מ.ד.ס מחיר למשתכן
יהונתן נתניהו 1ג', אור יהודה
ש.ר 540274883
","
לנדמן אלומיניום בע""מ
הירקון 2 חיפה
",,שוהם,,תמל/1007,מרול אטמן,מוטי לנדמן ו/או אלדד גרנות.,,מוטי לנדמן ו/או אלדד גרנות.,,,,סביוני שהם - מחיר למשתכן,"ש""ח","לנדמן אלומיניום בע""מ",א.מ.ד.ס מחיר למשתכן,תכנון אלומיניום,שוטף + 30,Item,sites/Contracts/ProjectContractLibrary/סביוני שהם - מחיר למשתכן,סביוני שהם - מחיר למשתכן
CONT-10-1909,תבנית מודד.docx,מתכנן מעליות,,,,סביוני רעננה צפון,טיוטה,,,,,,,,germank,,,,,,,,,,,,,"
אפריקה ישראל מגורים בע""מ
יוני נתניהו 1 ג' אור יהודה
מ.ז 52-003476-0
",,,רעננה,גוש  6578,רע/708,מולי ויטקין,,,,,,,סביוני  רעננה  צפון,,,,הקמה 150 יח''ד ומסחר,,Item,sites/Contracts/ProjectContractLibrary/סביוני רעננה צפון,סביוני רעננה צפון
CONT-10-1928,תכולת מכרז קבלן ראשי.docx,קבלן ראשי כללי,,,,פרויקט ניסיון,אושר,2020-06-02 00:00:00,,מחיר קבוע/פאושלי,,,0.2,,einave,,2,ידוע,2020-06-01 00:00:00,,,310.7801,9.00000000000000,מדד תשומות הבניה,,,,,,,תל אביב-יפו,,,,,,,,,,תל אביב ,"ש""ח",,"א.מ. ישראל מגורים יזמות בע""מ",,,Item,sites/Contracts/ProjectContractLibrary/פרויקט ניסיון,פרויקט ניסיון
CONT-10-2112,תכולת מכרז קבלן ראשי.docx,קבלן ראשי כללי,2022-02-07 00:00:00,,145538000,רעננה,טיוטה,2022-02-13 00:00:00,2024-03-03 22:00:00,מחיר קבוע/פאושלי,,,0.2,,germank,,1,,2021-10-31 00:00:00,,25,,9.00000000000000,מדד תשומות הבניה,,,,"
אפריקה ישראל מגורים בע""מ
יוני נתניהו 1 ג' אור יהודה
מ.ז 52-003476-0
","
יצחק שטרן ושות בעמ
הצמיחה 1 תד 333 יקנעם עלית 2069205
510934409
",,רעננה , גוש 6585 חלקה 151,רנ/708,גרמן קגנובסקי ,,,יוגב מרקוביץ - משרד אחים מרגולין,151,,,סביוני רעננה צפון,"ש""ח",יצחק שטרן ושות בעמ,,הקמת 150 יח''ד ומסחר על גבי חניון תת קרקעי,שוטף + 45,Item,sites/Contracts/ProjectContractLibrary/סביוני רעננה צפון,סביוני רעננה צפון
CONT-10-2383,תכולת מכרז קבלן ראשי.docx,קבלן ראשי כללי,,,,רמת שרת שלב ב,טיוטה,,,,,,,,kooksec,,,,,,,,,,,,,"פ.א פיתוח ובנייה בירושלים בע""מ
 רח' יוני נתניהו 1 ג' אור יהודה ת.ד 715
513958009",,,ירושלים,,,עומר מושיוב,,,,,,,"פ.א פיתוח ובנייה בירושלים בע""מ",,,,,,Item,sites/Contracts/ProjectContractLibrary/רמת שרת שלב ב,רמת שרת שלב ב
CONT-10-2219,תמצית עסקה - רמגור הרצליה טיוטה - 5.9.22.docx,,2022-09-11 15:48:51,,,אפריקה ישראל,טיוטה,,,,,,,,,,,,2022-09-11 15:48:51,,,,,,,,,,,,,,,,,,,,,,,,,,,,Item,sites/Contracts/ProjectContractLibrary/רמגור הרצליה,רמגור הרצליה
